{
  "tData": [
    0.0
  ],
  "sigData": [
    1.1678605539637057,
    0.9979074347612015,
    1.0838235294117646,
    1.0335020486864304,
    0.9882753403933435,
    0.988929889298893,
    1.150355653666912,
    0.8933333333333333,
    1.1085158150851582,
    0.9137887887887888,
    1.087390761548065,
    1.1740854438475314,
    1.0510733663599907,
    0.9368289637952559,
    1.0953893201599625,
    1.0993091537132988,
    0.6402333085132788,
    0.9679351656095841,
    1.3214472309299896,
    1.2788880348449911
  ],
  "errData": [
    0.10158136389377684,
    0.09468566880107084,
    0.09880673917737665,
    0.09548331734537732,
    0.09532343798174743,
    0.09418922916327131,
    0.10210786640390625,
    0.08851748671615939,
    0.09966086257164453,
    0.09103585060342027,
    0.09990613137006876,
    0.10545045509493013,
    0.0953324764479201,
    0.09216052300111875,
    0.09736009150522834,
    0.09990409723524411,
    0.07502380180466872,
    0.0909797421640436,
    0.11372291964507357,
    0.11060754239943774
  ]
}