{
  "tData": [
    0.0
  ],
  "sigData": [
    1.20062656641604,
    0.9579030976965845,
    0.784762518805072,
    1.1532914631309605,
    1.093075117370892,
    0.8973214285714286,
    1.3103321033210333,
    0.858339492485834,
    1.006368661379476,
    1.3991753125831337,
    0.9587542087542087,
    1.0776342451874366,
    1.2425816023738874,
    0.8351800554016621,
    1.0537798072044648,
    1.0822320117474302,
    1.0597813444987207,
    1.3563089915548932,
    1.114278926110715,
    1.1967233308696723
  ],
  "errData": [
    0.10566118645714301,
    0.09604640018915131,
    0.07776302539080623,
    0.09957517065395953,
    0.09714523282296432,
    0.08974697829460178,
    0.10984394176957345,
    0.08734203430327818,
    0.0939809352954016,
    0.11845579951987971,
    0.09158417499278791,
    0.10013242740227786,
    0.10695232998406638,
    0.08331640044602294,
    0.09899671646073115,
    0.09865523951480151,
    0.09509007560475588,
    0.11250111602781081,
    0.09876066979265155,
    0.1045723252995065
  ]
}