{
  "tData": [
    0.0
  ],
  "sigData": [
    0.977726574500768,
    0.7801064537591484,
    1.0889101338432123,
    1.267351802204349,
    0.9447084917617238,
    0.9827530625402966,
    1.1038067818298145,
    1.1037504381352963,
    1.033534540576794,
    1.3123711340206186,
    0.9743464052287582,
    1.0441272965879265,
    1.307705363204345,
    1.0997474747474747,
    1.2394536652835408,
    1.0608880182827296,
    0.8976076555023924,
    1.1426356589147286,
    1.268939393939394,
    1.1340241796200345
  ],
  "errData": [
    0.10461205930553429,
    0.09644248289952333,
    0.11295281411378265,
    0.118669552366106,
    0.10428882349681166,
    0.10745823464222393,
    0.114010100777866,
    0.11933692662493876,
    0.11262966750231891,
    0.12993705450714957,
    0.10769215585993921,
    0.11202161318652137,
    0.12888683366475756,
    0.11302469383670787,
    0.12629746269986422,
    0.11271759350067505,
    0.10179717609971058,
    0.11438428812893839,
    0.12487159577991719,
    0.12022983536388496
  ]
}