{
  "tData": [
    0.0,
    1.2804049086872986e-07,
    2.560809817374597e-07,
    3.8412147260618963e-07,
    5.121619634749194e-07,
    6.402024543436493e-07,
    7.682429452123793e-07,
    8.96283436081109e-07,
    1.0243239269498389e-06,
    1.152364417818569e-06
  ],
  "sigData": [
    1.1671866874674988,
    0.9234303215926494,
    1.1715846994535517,
    0.9320492241840557,
    1.160420215786485,
    1.1204013377926423,
    0.9694533762057879,
    1.3934142114384749,
    1.28397212543554,
    1.1472602739726028,
    1.309324399776661,
    1.0336088154269971,
    1.1253229974160206,
    1.452912019826518,
    1.2387459807073955,
    1.4531963470319635,
    0.9401489117983964,
    0.9008403361344537,
    1.3392454954954955,
    0.9836867862969005,
    1.1104972375690607,
    1.127946127946128,
    1.0474926253687316,
    1.1642969984202212,
    1.2188967136150235,
    1.3801498127340823,
    1.1069565217391304,
    1.075858250276855,
    0.7307046979865772,
    0.8926332288401254,
    1.1258953168044077,
    1.547440699126092,
    0.7516025641025641,
    0.9658573596358118,
    0.9757281553398058,
    1.005852417302799,
    1.3546448087431693,
    1.2429682824655897,
    1.1462472406181017,
    1.1591695501730104,
    1.0754414125200642,
    1.1355932203389831,
    0.9191476941039113,
    1.1821389793702497,
    1.2833047455688966,
    1.221623009758603,
    0.9852941176470589,
    0.8440944881889763,
    0.7803660565723795,
    1.2544831223628694,
    1.369496855345912,
    1.0747688961392061,
    1.2448696616749861,
    1.280494659921304,
    0.7605204872646733,
    0.856390977443609
  ],
  "errData": [
    0.14986165976417262,
    0.13075562086925546,
    0.15393902624388428,
    0.1345380226927145,
    0.15610572150457885,
    0.15172611871365016,
    0.13753340751482512,
    0.17416000527995296,
    0.1668851404176087,
    0.15553310441125417,
    0.1654146584717827,
    0.1443727515380272,
    0.14644340999246291,
    0.1846081832854957,
    0.1571815417517141,
    0.17720788635253204,
    0.13984656228113687,
    0.13516809991563747,
    0.16820036379912737,
    0.13963446886355746,
    0.1584556952842742,
    0.15279473310660469,
    0.15048147966771244,
    0.15060123834267342,
    0.1630298647384821,
    0.1800774199632624,
    0.15371553192306328,
    0.1479158726290187,
    0.12077396624502955,
    0.1298934444138312,
    0.15124900365066535,
    0.191946110526443,
    0.11981423731743943,
    0.13334887908606202,
    0.13845937156642577,
    0.1367214683817088,
    0.1667526370072917,
    0.16641096108437903,
    0.1528625512884465,
    0.15722360832755605,
    0.14537089336275283,
    0.15387846251061335,
    0.13948019840171763,
    0.15419225542582343,
    0.16554451653948948,
    0.15270453317904478,
    0.14392697758439155,
    0.12635543723686585,
    0.12454949643223309,
    0.1570199272339094,
    0.17998027418905302,
    0.1465019761515415,
    0.16033837467232076,
    0.16394444216817122,
    0.12275133675209651,
    0.1244321724692381
  ]
}