{
  "tData": [
    0.0,
    1.2804049086872986e-07,
    2.560809817374597e-07,
    3.8412147260618963e-07,
    5.121619634749194e-07,
    6.402024543436493e-07,
    7.682429452123793e-07,
    8.96283436081109e-07,
    1.0243239269498389e-06,
    1.152364417818569e-06
  ],
  "sigData": [
    1.3810960281548517,
    1.0166421928536467,
    1.0249597423510468,
    1.3562039957939012,
    1.3980738362760834,
    1.1505050505050505,
    1.1617494824016563,
    0.8718718718718719,
    1.0329611908559277,
    1.0202104097452935,
    1.2093862815884477,
    1.0856481481481481,
    0.9701873935264055,
    1.0947712418300655,
    0.8162260238465526,
    1.7464454976303319,
    0.8492448759439051,
    1.0198658410732715,
    1.0441098784997358,
    1.334151663938898,
    1.4457694491766042,
    1.1257452574525746,
    0.9164133738601824,
    0.8615733736762482,
    1.0151515151515151,
    1.4509320175438598,
    0.9571428571428571,
    1.0264131008980455,
    0.7151067323481116,
    1.0282714054927302,
    1.2114779874213837,
    0.9718117131910236,
    1.1735668789808917,
    1.0230331262939958,
    1.1056105610561058,
    1.0233118971061093,
    1.1130760986066452,
    1.024789029535865,
    1.0451559934318555,
    1.0229007633587786,
    1.0151515151515151,
    1.028042328042328,
    1.2569331158238173,
    0.6740076128330614,
    0.7927995971802618,
    1.25,
    0.8509590461378953,
    0.6128048780487805,
    1.4827868852459016,
    0.945141065830721,
    1.4079710144927535,
    1.2856359649122806,
    1.389238845144357,
    1.032070707070707,
    1.1508319914117016,
    1.1457971014492752
  ],
  "errData": [
    0.16167330716741368,
    0.1348630993201328,
    0.14185296794121405,
    0.1636702811525477,
    0.16791820869165122,
    0.14653042019747475,
    0.14913066449656448,
    0.12553825930705645,
    0.1417690808329953,
    0.14371193764841092,
    0.16436854697402967,
    0.15196458200085355,
    0.14163214347454592,
    0.14810055322494461,
    0.12333336114119711,
    0.18875181009241385,
    0.12849924953728734,
    0.13870602935199286,
    0.14214450145787763,
    0.1652156631374572,
    0.17625033891966801,
    0.1500033843858345,
    0.1297243754912643,
    0.12521214283157606,
    0.14168736840158533,
    0.1735242186733159,
    0.13571806495115907,
    0.14083257536814062,
    0.11811836309793768,
    0.1423306243994327,
    0.15355253220668127,
    0.13917606166646623,
    0.15185734048760896,
    0.13915487310090702,
    0.14963299056903,
    0.14161533702715148,
    0.14823879324132955,
    0.140600374364457,
    0.14476786040232204,
    0.13797177402004612,
    0.14043899720917274,
    0.14106554271268507,
    0.15960613218048605,
    0.11410124439732038,
    0.11967642702302803,
    0.1522019148551428,
    0.12611251310539345,
    0.10489917940864629,
    0.17535184224166606,
    0.13394992086614313,
    0.16018433843372604,
    0.16226768874630781,
    0.16573934413304997,
    0.13811479364009835,
    0.15108502639608848,
    0.15663630151297436
  ]
}