{
  "tData": [
    0.0,
    1.2804049086872986e-07,
    2.560809817374597e-07,
    3.8412147260618963e-07,
    5.121619634749194e-07,
    6.402024543436493e-07,
    7.682429452123793e-07,
    8.96283436081109e-07,
    1.0243239269498389e-06,
    1.152364417818569e-06
  ],
  "sigData": [
    1.186365648517043,
    1.0575673166202415,
    0.7841352405721717,
    1.235250737463127,
    1.246572659616138,
    1.2016622922134732,
    1.513870246085011,
    0.9370629370629371,
    0.9124513618677043,
    0.9138959931798807,
    1.0028317152103559,
    1.076675849403122,
    1.485080988917306,
    1.3688172043010751,
    0.8671662125340599,
    0.9691278065630398,
    0.757504873294347,
    0.8471264367816091,
    0.9280607685433423,
    1.029935275080906,
    0.97953216374269,
    1.1836951894423158,
    1.2407407407407407,
    1.0301353013530137,
    0.981828839390387,
    1.0464078536367694,
    1.3399999999999999,
    1.1181187689640224,
    1.1388520971302427,
    1.2548400673400675,
    1.2746730083234246,
    1.2749343832020996,
    1.1023504273504272,
    1.0709920075223318,
    1.1166666666666665,
    1.3539583333333334,
    1.1089655172413793,
    1.254860123281176,
    1.1237791932059449,
    1.1586683960224817,
    0.9226407452409883,
    1.0233602875112309,
    0.9810508182601205,
    0.8061497326203209,
    1.3110036832412524,
    1.2621897163120568,
    1.100310696848646,
    0.9753164556962025,
    0.6359149582384206,
    1.3531037414965985,
    0.9698097601323408,
    1.011211729193618,
    1.1905083220872694,
    0.8914059690758719,
    1.012594458438287,
    0.9467996674979219
  ],
  "errData": [
    0.13950782960199348,
    0.13418458128405447,
    0.11039028132673384,
    0.1503166648566961,
    0.13484553883467765,
    0.13965910186720584,
    0.16052216613582118,
    0.12594791026666752,
    0.11956258201688082,
    0.11881973822585915,
    0.12169893087513027,
    0.1347485731486465,
    0.15500544466918947,
    0.14879640121740406,
    0.11923537777656801,
    0.12342865132245852,
    0.10278358603070463,
    0.11848003902276248,
    0.12266391910169726,
    0.12346981164746233,
    0.1267127859516019,
    0.1366403297534503,
    0.14355579941833876,
    0.12431537618611954,
    0.11825094644092733,
    0.13079848022759377,
    0.152038712553555,
    0.1336486532199601,
    0.13624173029366396,
    0.14028742297028654,
    0.13732037178743622,
    0.14427947944774627,
    0.1316792735124572,
    0.13596250743698107,
    0.13614573317096887,
    0.14556959056277718,
    0.13702883056466877,
    0.1489043849082819,
    0.1326445724077483,
    0.1360980048929116,
    0.11641718879471787,
    0.12966258039820802,
    0.1240859509700425,
    0.11359395472234322,
    0.15031399817828606,
    0.14443384847486268,
    0.13406224288793597,
    0.12243456502947624,
    0.09245720675527434,
    0.14699606140584778,
    0.12084315702968224,
    0.12621678649654927,
    0.14090185547626216,
    0.10768044699778735,
    0.1246286793309671,
    0.11958482781767268
  ]
}