{
  "tData": [
    0.0,
    1.2804049086872986e-07,
    2.560809817374597e-07,
    3.8412147260618963e-07,
    5.121619634749194e-07,
    6.402024543436493e-07,
    7.682429452123793e-07,
    8.96283436081109e-07,
    1.0243239269498389e-06,
    1.152364417818569e-06
  ],
  "sigData": [
    1.3827063740856846,
    1.0873261205564142,
    0.9527872582480091,
    0.9380721593968766,
    1.1030901722391084,
    1.118414188836724,
    1.0474029248613212,
    0.8880706921944035,
    0.7316692667706709,
    0.6663978494623655,
    1.094090202177294,
    0.9413223140495868,
    1.1705490848585691,
    1.0567823343848581,
    1.1558152476349473,
    1.2917300862506342,
    1.2869385342789599,
    1.0325342465753424,
    0.7609614368726889,
    0.8644023170089521,
    1.3027777777777776,
    1.1288232244686367,
    0.8292079207920793,
    1.143574297188755,
    0.9973418394471026,
    1.1821389793702497,
    0.9262672811059909,
    0.6956284153005464,
    1.0563063063063063,
    0.8133535660091047,
    1.4365351629502574,
    1.2201986754966887,
    1.1958270487682252,
    1.2680790960451978,
    0.9237132352941176,
    0.8056487695749441,
    1.2037037037037037,
    0.991243961352657,
    1.06752655538695,
    1.0374436936936937,
    1.0693354264782837,
    0.9650205761316872,
    1.1903553299492386,
    1.0800230282095566,
    0.8802163833075735,
    1.3911335578002242,
    0.7173032407407407,
    1.2384848484848483,
    0.8645161290322579,
    1.1901776384535006,
    1.2714521452145215,
    1.3677635588056065,
    0.9863888888888889,
    1.2587224906065486,
    1.2468527640941434,
    0.8488175675675675
  ],
  "errData": [
    0.16491708800399313,
    0.14350485044044467,
    0.14037529704856155,
    0.13544111197642228,
    0.14342027102531038,
    0.14663576680368767,
    0.1391189709225122,
    0.1255647563102562,
    0.11653905847436898,
    0.11277674738956904,
    0.1444374186378602,
    0.1372547863400307,
    0.1550122994832963,
    0.14273978093862322,
    0.1541984091716835,
    0.15650718547502143,
    0.16857256589156372,
    0.146862697524842,
    0.119934378651377,
    0.1281764427761776,
    0.16454439686326192,
    0.14691982422969374,
    0.12811835895852872,
    0.14560672377928408,
    0.1390998323038173,
    0.15419225542582343,
    0.13117271507571393,
    0.11630760183841725,
    0.14768028053440682,
    0.12159781076509987,
    0.1762236931890056,
    0.15818944906284751,
    0.1493242919138477,
    0.1634803733948135,
    0.14328116599154106,
    0.12721514567408157,
    0.157142078665241,
    0.1477577304476693,
    0.14077784212007124,
    0.1462427945239186,
    0.1433200769367609,
    0.13441303474057434,
    0.1577616645512547,
    0.1511424935293322,
    0.12802062133674447,
    0.1714936232109874,
    0.1216524686881935,
    0.16713408985098274,
    0.1295223954866813,
    0.15182711549553707,
    0.16154408019037256,
    0.17703704408310383,
    0.14134849937919033,
    0.15869900203738746,
    0.1594213212185912,
    0.13125533516086554
  ]
}