{
  "tData": [
    0.0,
    1.2804049086872986e-07,
    2.560809817374597e-07,
    3.8412147260618963e-07,
    5.121619634749194e-07,
    6.402024543436493e-07,
    7.682429452123793e-07,
    8.96283436081109e-07,
    1.0243239269498389e-06,
    1.152364417818569e-06
  ],
  "sigData": [
    1.377222222222222,
    0.9082934609250399,
    1.0105580693815988,
    1.0800832033281333,
    1.2174900624645089,
    1.540826873385013,
    1.2751495377922784,
    0.995407887628309,
    1.3716535433070864,
    1.0642965204236006,
    1.238828967642527,
    1.1166666666666667,
    1.3503875968992247,
    1.2736979166666664,
    0.8645161290322579,
    1.2022838499184338,
    1.363472436888202,
    0.8994427558257346,
    0.8389982110912344,
    1.2280058651026395,
    1.1515624999999998,
    1.3767123287671232,
    0.8793957404655771,
    1.2175493250259606,
    0.9626436781609197,
    0.9035623409669211,
    0.7432359307359307,
    1.151025641025641,
    0.9066951566951567,
    1.118287373004354,
    1.1574209245742093,
    1.0889807162534435,
    1.3529886914378029,
    1.2114779874213837,
    1.20390625,
    1.0659885237350026,
    1.2509610104338276,
    0.9907268170426065,
    1.14014014014014,
    1.20390625,
    0.989451476793249,
    1.169195751138088,
    1.1166666666666665,
    1.0617486338797815,
    0.8903654485049833,
    1.221623009758603,
    1.0534591194968554,
    1.2663230240549828,
    0.9838472834067549,
    0.8971783835485414,
    1.0518053375196232,
    1.2151960784313725,
    1.5141242937853108,
    0.9544159544159545,
    0.8952866861030127,
    1.0007861635220126
  ],
  "errData": [
    0.16968462182759417,
    0.13225806852629607,
    0.13623792912717408,
    0.14365145040784758,
    0.16026802375190985,
    0.1742316356248892,
    0.16087635298607947,
    0.14007537298008005,
    0.1645716527437756,
    0.140333359118445,
    0.15388290902969337,
    0.15119738141961372,
    0.16188269667905716,
    0.1573474779963791,
    0.1295223954866813,
    0.15575417452440565,
    0.16249836188960146,
    0.12842732804290236,
    0.1342356041284947,
    0.14939138781153696,
    0.1488771031271451,
    0.16212358115597358,
    0.12546055405740167,
    0.1532533677861267,
    0.1295227974646737,
    0.1290375670380159,
    0.11987457962735767,
    0.1476897980145087,
    0.1248752008931555,
    0.14120623308472657,
    0.1443037998416568,
    0.14852533337187437,
    0.1654237820201736,
    0.15355253220668127,
    0.15254615106202146,
    0.14285195970264156,
    0.15997306232328137,
    0.13458181260923666,
    0.14514921615715518,
    0.15254615106202146,
    0.13795459403162252,
    0.14794001740196697,
    0.14416104677549826,
    0.14589184878110972,
    0.1335383827937711,
    0.15270453317904478,
    0.1366901029838971,
    0.15227378791121357,
    0.1324913769492062,
    0.12461372742957005,
    0.14203861145261365,
    0.14875162407179968,
    0.18039642625661542,
    0.1283722032285789,
    0.12546651281669682,
    0.13836999459883764
  ]
}