{
  "tData": [
    0.0
  ],
  "sigData": [
    1.326828563168546,
    1.072,
    0.9694817153380688,
    1.0094161958568737,
    1.1336717428087988,
    1.0151515151515151,
    1.275178429817605,
    0.9104270660011093,
    1.2461072664359862,
    1.4278365667254556,
    1.0353200883002207,
    1.0846002252252254,
    1.0744558991981672,
    1.0185185185185184,
    1.023534269199009,
    0.8127929418251999,
    0.6851261620185923,
    0.9386730108379593,
    1.2167070217917675,
    1.1912402428447528
  ],
  "errData": [
    0.11990429229298742,
    0.10244940474855543,
    0.09636558067535117,
    0.09959861026484317,
    0.10861591187697307,
    0.10202656609449577,
    0.11216834979093043,
    0.09564264208884392,
    0.11567332519416969,
    0.12592827196204506,
    0.10226314098344541,
    0.10593744501011208,
    0.10629881677703178,
    0.10144411970044485,
    0.10150432665106206,
    0.08974193410381433,
    0.08043692108671023,
    0.0949266407451344,
    0.11027494335402896,
    0.11299454671403934
  ]
}