{
  "tData": [
    0.0
  ],
  "sigData": [
    1.0160311958405546,
    1.077900084674005,
    1.071859428271702,
    0.9389942291838418,
    1.283417225950783,
    0.9472539423599783,
    1.0707762557077625,
    1.2437449556093625,
    1.038107202680067,
    1.0014550264550264,
    1.111954992967651,
    1.0373406193078323,
    1.0826166275736253,
    1.3330449826989619,
    1.031497175141243,
    1.1053520394907768,
    1.1885550786838341,
    1.1942492844132186,
    1.451195499296765,
    1.041116611661166
  ],
  "errData": [
    0.10356722830121504,
    0.10571485434980436,
    0.10159227833509908,
    0.09680444810038374,
    0.11577957292621986,
    0.09674540280749892,
    0.10275638445478127,
    0.11161513942138937,
    0.10301104842619838,
    0.09834272203804263,
    0.10733941852338151,
    0.09941166696393373,
    0.10182570219740218,
    0.1200586574463885,
    0.10326193264134755,
    0.10282411601938354,
    0.11227213089884606,
    0.10734906267061685,
    0.12430731207890013,
    0.10240396758145906
  ]
}