{
  "tData": [
    0.0
  ],
  "sigData": [
    1.0786588071242948,
    1.0993540051679587,
    1.0707762557077625,
    1.030704243112036,
    0.9500263192525331,
    1.1546395149597997,
    1.2247029638333986,
    1.0069189676256678,
    1.1131537554069997,
    1.0597578919208133,
    1.1149004876762885,
    1.0734687298517087,
    1.1574695500869998,
    1.0246407223705964,
    0.983987113890468,
    0.988968961375561,
    0.9987656665400684,
    1.160780792764033,
    1.330790378006873,
    1.1780943025540276
  ],
  "errData": [
    0.05011591084244601,
    0.05112058049936378,
    0.050638899119962236,
    0.04876356988930182,
    0.04766803808942909,
    0.05303495082434937,
    0.05451733718143799,
    0.048650080472924906,
    0.05184243691748704,
    0.05098753883410982,
    0.05203020461739399,
    0.050412999531113854,
    0.05156899261795086,
    0.04881602790338678,
    0.04759934554892674,
    0.047747570848052125,
    0.04803470730000878,
    0.05343258134457887,
    0.058559152549720134,
    0.053453048571778794
  ]
}