{
  "tData": [
    0.0
  ],
  "sigData": [
    1.2196818423855167,
    1.0536619808716863,
    1.0441272965879265,
    1.0942264752791069,
    0.9471248962920416,
    1.0892718068535825,
    1.1414336226293795,
    1.013317272301412,
    1.0599232981783318,
    1.0828807861391259,
    1.0056604973605545,
    1.0098663067232292,
    1.1820421841119653,
    1.0332614520028753,
    0.9826666666666668,
    1.0035012643454582,
    1.1064261031366294,
    0.9960085486202779,
    1.0809917885552989,
    1.1024206738632647
  ],
  "errData": [
    0.05492407693558819,
    0.04979467893262813,
    0.050097588406849726,
    0.05067240481616801,
    0.04686878138523945,
    0.050983413568150636,
    0.05205308376633169,
    0.049778041981413265,
    0.04984972154836178,
    0.050721710607851064,
    0.048328734603766105,
    0.04869423077516446,
    0.053640748867599744,
    0.0497114107267662,
    0.047686965152991714,
    0.048739766642613584,
    0.052030673934222706,
    0.0477953090652602,
    0.05047811860475999,
    0.05152377907656396
  ]
}