{
  "tData": [
    0.0
  ],
  "sigData": [
    1.1259792772302248,
    1.0580289193302892,
    1.109154465110144,
    1.0970218093167292,
    1.1270277093984724,
    1.077822375127421,
    1.2090100180449255,
    0.9703625551505851,
    1.0552836345381527,
    1.0345431391276663,
    0.9103373568554627,
    0.9500897888414143,
    1.0935222158838815,
    1.1654219328482063,
    1.1499778326683134,
    1.0145821648906337,
    0.9628968626714258,
    1.002466999871844,
    1.0215629984051038,
    1.022391416088409
  ],
  "errData": [
    0.051219518561972606,
    0.04960667490958125,
    0.05190433999893375,
    0.05156865995186494,
    0.05122127907953643,
    0.05022385717713516,
    0.05284922268331484,
    0.047531262618125986,
    0.049274908337603576,
    0.04910406059272227,
    0.04518433907847262,
    0.046244844634386016,
    0.05049063124676523,
    0.052461593494447234,
    0.05187692824770842,
    0.04806768653083293,
    0.046841871622092204,
    0.04842612283553592,
    0.048815725056624654,
    0.04901101388738096
  ]
}