{
  "tData": [
    0.0
  ],
  "sigData": [
    1.162480828220859,
    0.9746995572422518,
    1.0276985485199974,
    0.9656367405104288,
    1.2946859903381642,
    1.1415856062050989,
    1.3533385042983646,
    1.1089350478074513,
    1.0385617178070008,
    0.9780401117034782,
    0.9673252279635258,
    1.0632862395974454,
    1.0809917885552989,
    0.900879524171096,
    1.0487325728770596,
    1.1130760986066452,
    1.0784881849204817,
    1.0658503663709988,
    1.165883121123082,
    0.9929763515690445
  ],
  "errData": [
    0.052419229408618026,
    0.04738750642552963,
    0.04881585328750018,
    0.047713758834941625,
    0.05698676765653848,
    0.05176813362505797,
    0.05732009579698898,
    0.05189360830019972,
    0.04915113806816088,
    0.047556456956671295,
    0.04722045496330617,
    0.05016701472475255,
    0.05047811860475999,
    0.04542761744145832,
    0.049350702517925414,
    0.05084548660824184,
    0.0505069047465126,
    0.05014062900171628,
    0.05307085360210117,
    0.04831240153831041
  ]
}