{
  "tData": [
    0.0,
    1.2866614641649703e-07,
    2.5733229283299406e-07,
    3.8599843924949106e-07,
    5.146645856659881e-07,
    6.433307320824852e-07,
    7.719968784989821e-07,
    9.006630249154792e-07,
    1.0293291713319762e-06,
    1.1579953177484733e-06
  ],
  "sigData": [
    1.2150259067357514,
    1.0126633986928104,
    1.1821853741496597,
    0.7800776196636482,
    1.5220422852001798,
    1.0580452411438326,
    1.2948877805486285,
    1.2475862068965518,
    1.121542940320233,
    0.7168330955777461,
    0.987935656836461,
    1.1615811373092926,
    1.1566496163682864,
    1.3275058275058276,
    0.9476661951909477,
    1.3223684210526316,
    0.8755355612682091,
    1.0912539045069165,
    0.9571428571428571,
    1.2970627503337784,
    1.170574712643678,
    0.9933537832310839,
    1.1414814814814815,
    1.0193637621023512,
    1.0123626373626373,
    1.0546296296296296,
    0.7336837494524747,
    1.1922743055555556,
    1.535775492716367,
    1.1195372750642674,
    1.0761173184357542,
    1.294249775381851,
    1.0474029248613212,
    1.486906347092765,
    1.3505408062930186,
    1.2458677685950412,
    0.9516200621393697,
    0.8652534113060429,
    1.2984496124031006,
    1.1906820365033621,
    1.1151992991677617,
    1.0464270432178004,
    1.4774837511606314,
    1.3901668921966621,
    1.343018018018018,
    1.3406093678944977,
    0.9875283446712018,
    0.8803596127247579,
    0.922735760971055,
    1.3348329048843188,
    1.1102305475504324,
    1.0531668978270918,
    1.0698602794411178,
    1.0082079343365251,
    0.9049908424908425,
    0.8714726631393297
  ],
  "errData": [
    0.13959637062477045,
    0.12294168959879892,
    0.13645770196754867,
    0.10980040603922572,
    0.16144067807160778,
    0.12869033124210463,
    0.1418453136093797,
    0.14615933985272353,
    0.14163607718668209,
    0.11023568267989124,
    0.12687185609388643,
    0.14093141772129336,
    0.13500856774535255,
    0.15230667808746198,
    0.12742884266951623,
    0.1553862646498705,
    0.11641261761742218,
    0.1338169126468941,
    0.12276160874074867,
    0.14691413783079868,
    0.14113658233172038,
    0.13611165976295078,
    0.14427095486767996,
    0.13107702497817164,
    0.13013937069913534,
    0.13379576676244764,
    0.10711295395756107,
    0.13851541620852076,
    0.1583498590096138,
    0.13296530696311737,
    0.1356479992842787,
    0.14742871778499203,
    0.1391189709225122,
    0.15828086931767282,
    0.15790385537217952,
    0.14594791600634757,
    0.12391744153573826,
    0.12337043000670901,
    0.14879969092019274,
    0.14560651804610622,
    0.13415785080426382,
    0.1280850945652032,
    0.16130356332019485,
    0.15369202058428347,
    0.15067744290036922,
    0.15124481847088397,
    0.12778921888434633,
    0.12111580931769607,
    0.12499481193015989,
    0.14645517045090606,
    0.14014291962075,
    0.13360220109497448,
    0.12521298806745412,
    0.12958317460724178,
    0.12250106245039018,
    0.11780010274892178
  ]
}