{
  "tData": [
    0.0,
    1.2804049086872986e-07,
    2.560809817374597e-07,
    3.8412147260618963e-07,
    5.121619634749194e-07,
    6.402024543436493e-07,
    7.682429452123793e-07,
    8.96283436081109e-07,
    1.0243239269498389e-06,
    1.152364417818569e-06
  ],
  "sigData": [
    1.2081401339515714,
    1.198289269051322,
    0.895360564800807,
    0.7941461054668602,
    1.531215161649944,
    1.0525282277859596,
    0.8933333333333333,
    0.9888040712468193,
    0.9349657714586626,
    1.0212393803098452,
    1.109508547008547,
    1.0329611908559277,
    1.5439442658092175,
    1.1002450980392158,
    0.9182574645129712,
    1.5218938149972632,
    0.6893004115226338,
    1.1203399122807018,
    1.0642717497556207,
    1.1439857288481141,
    1.1032934131736527,
    0.8903654485049833,
    1.2033045977011496,
    1.223265519040167,
    1.168205128205128,
    0.8022030651340997,
    1.4150127226463103,
    0.8628033680039624,
    1.0336605890603086,
    1.32690329218107,
    1.301312335958005,
    1.0600109110747409,
    0.9652260307998014,
    0.8797979797979797,
    0.6979166666666666,
    1.4182743837084675,
    1.3958333333333335,
    0.8589743589743589,
    1.1800736067297581,
    0.9122065727699531,
    0.7301967038809144,
    1.0806451612903225,
    0.8472432979261507,
    1.1418546365914786,
    0.8865139949109414,
    1.0816714150047484,
    0.9822530864197531,
    1.0448343079922027,
    0.8836930455635491,
    1.573825503355705,
    0.9907268170426065,
    1.293499511241447,
    1.151025641025641,
    0.9344490934449095,
    1.0230331262939958,
    1.2624734607218684
  ],
  "errData": [
    0.1520112496128052,
    0.15179995230926063,
    0.12782282269188858,
    0.11741428570030973,
    0.1803155408578131,
    0.137626886411674,
    0.1263364115719965,
    0.13546289852088672,
    0.13369586638878816,
    0.1366046266274512,
    0.1477422029492151,
    0.1417690808329953,
    0.17762489317504765,
    0.14088277113174852,
    0.12765288718148496,
    0.17806956869256568,
    0.10587879672862044,
    0.15046869687161057,
    0.13815416093684163,
    0.1467445441696062,
    0.1423570095487115,
    0.1335383827937711,
    0.14624044961372837,
    0.15400839776516312,
    0.14889159963142012,
    0.11745299857840742,
    0.16486513761315846,
    0.12418571184748953,
    0.13299335871112844,
    0.1599467461023152,
    0.15984606217065822,
    0.14564272384559174,
    0.13210447607783127,
    0.12672121189820817,
    0.11235078486074107,
    0.1693988781639254,
    0.16871918309281403,
    0.12606297139040504,
    0.15159541833728235,
    0.12457492547571739,
    0.11770702973059465,
    0.13930597910643575,
    0.12428065978520399,
    0.14537761108257227,
    0.12772413820584244,
    0.13737816246308995,
    0.13570411897807597,
    0.13657782291103002,
    0.12378223553254543,
    0.18342066433431212,
    0.13458181260923666,
    0.15372796011170065,
    0.1476897980145087,
    0.12558302888227812,
    0.13915487310090702,
    0.1580708719467177
  ]
}