{
  "tData": [
    0.0,
    1.2804049086872986e-07,
    2.560809817374597e-07,
    3.8412147260618963e-07,
    5.121619634749194e-07,
    6.402024543436493e-07,
    7.682429452123793e-07,
    8.96283436081109e-07,
    1.0243239269498389e-06,
    1.152364417818569e-06
  ],
  "sigData": [
    1.654320987654321,
    1.3622565864833907,
    0.9869067103109657,
    0.9350509930220076,
    1.2085873983739839,
    1.0733850129198967,
    1.1814562002275315,
    0.9869067103109657,
    0.7633810280869104,
    1.223508230452675,
    1.143344709897611,
    0.9611371935315597,
    1.0005333333333333,
    1.1290152711953658,
    0.9002287021154946,
    0.9044077134986226,
    1.192756292203806,
    1.431141090500281,
    0.9694533762057879,
    1.006183745583039,
    0.7468152866242038,
    1.1312636165577343,
    0.9198242723778144,
    0.8723958333333333,
    1.2066895368782162,
    0.7151067323481116,
    1.0302031850631521,
    0.97953216374269,
    0.9401489117983964,
    1.0507708665603404,
    1.3137254901960782,
    1.1378814047207828,
    1.0427277872099603,
    1.1057900432900434,
    1.0974137931034482,
    1.5074999999999998,
    0.7873931623931625,
    1.191348195329087,
    1.278473464519976,
    1.0451559934318555,
    0.8969945355191257,
    1.0806451612903225,
    0.9353276353276353,
    1.4225053078556265,
    0.6919104991394148,
    1.3581081081081081,
    1.154550350026925,
    1.0653038046564451,
    0.6677740863787376,
    0.7952522255192878,
    1.2601273148148149,
    1.292785234899329,
    1.4006968641114983,
    1.0965630114566285,
    1.3662316476345842,
    0.9138025095471904
  ],
  "errData": [
    0.1889632754256663,
    0.17124773670036506,
    0.14011009886369358,
    0.13498806003717073,
    0.1509955585817324,
    0.14272154289581915,
    0.15778309690645465,
    0.14011009886369358,
    0.12032793079335038,
    0.1529518249186553,
    0.15497762904824902,
    0.13506205242810057,
    0.13956325690285867,
    0.14808953291591267,
    0.1365022857856368,
    0.13433135778868074,
    0.1647688234995427,
    0.174365824329016,
    0.13753340751482512,
    0.14710470912114745,
    0.11902717695101679,
    0.15077252640838623,
    0.1353344002485035,
    0.12810413221672182,
    0.1600321551462796,
    0.11811836309793768,
    0.14387697339933014,
    0.13775132126309556,
    0.13984656228113687,
    0.14309033641826793,
    0.16145113651472984,
    0.155504174421112,
    0.14701948210681035,
    0.14842659887697157,
    0.1523311448235231,
    0.17844843442854855,
    0.12281777838034212,
    0.15311364323510557,
    0.16870962139292833,
    0.14476786040232204,
    0.1331893646169744,
    0.1461053434898361,
    0.13910169503310083,
    0.1688673581309962,
    0.11883741222223196,
    0.1598140725924124,
    0.15159606123683517,
    0.14899301220449224,
    0.11457514226638536,
    0.11880177378615203,
    0.16488286315404954,
    0.164395350595613,
    0.17512099693480315,
    0.14835378197150575,
    0.16713126154791594,
    0.13441491720351453
  ]
}