{
  "tData": [
    0.0,
    1.2804049086872986e-07,
    2.560809817374597e-07,
    3.8412147260618963e-07,
    5.121619634749194e-07,
    6.402024543436493e-07,
    7.682429452123793e-07,
    8.96283436081109e-07,
    1.0243239269498389e-06,
    1.152364417818569e-06
  ],
  "sigData": [
    1.7953474676089518,
    1.48760092272203,
    0.7145337301587301,
    0.8601774042950513,
    1.04199066874028,
    1.1402582159624413,
    1.2242524916943522,
    1.0168634064080944,
    0.9496062992125984,
    1.3805425143453314,
    1.6102403343782652,
    1.467292377701934,
    1.4497681607418857,
    1.1233733733733735,
    1.1782152230971128,
    1.583079268292683,
    1.2891907187323146,
    1.0661641541038527,
    1.368464052287582,
    1.1116138763197587,
    1.0089331291475243,
    1.1080103359173126,
    1.0215562565720295,
    1.141396933560477,
    1.3106416275430361,
    1.0379810094952524,
    1.5977190254017624,
    1.4911482043500255,
    1.2913832199546484,
    0.853266888150609,
    0.78515625,
    0.9732415902140672,
    0.943912812333865,
    0.984776902887139,
    1.2158012283640425,
    1.716614906832298,
    1.18687624750499,
    1.1763358778625954,
    1.178984414278532,
    0.8671421024828315,
    1.3327305605786617,
    0.9946778711484594,
    1.0033277870216306,
    0.9491666666666667,
    1.2553131991051456,
    1.129848229342327,
    1.0072576464489373,
    0.9481132075471699,
    1.0333333333333334,
    1.0480043149946063,
    1.3746486790331647,
    1.2685025817555937,
    1.571104387291982,
    1.1098369011213047,
    0.9656708595387841,
    1.1855022831050228
  ],
  "errData": [
    0.20276933949009507,
    0.18046700348434766,
    0.11239756208106305,
    0.12037068979587356,
    0.14065668593825031,
    0.15718178344490114,
    0.15874096439615035,
    0.14454082609561142,
    0.1346075610152916,
    0.16464480529442754,
    0.17957582815920303,
    0.17786039606403498,
    0.16813783958017686,
    0.14397981036869098,
    0.15134529415467343,
    0.1754083148807909,
    0.16511546474506605,
    0.14780473857173362,
    0.16741926051150768,
    0.14347921491111254,
    0.1371575702725187,
    0.1452101870820982,
    0.14013825633695695,
    0.1547013722237648,
    0.15997495720528057,
    0.13781434024428,
    0.1780921086749551,
    0.16923768165549552,
    0.16541082938486906,
    0.13052546053293812,
    0.1210891230529841,
    0.13440925008771884,
    0.1350251387487704,
    0.1372764379483969,
    0.15879898736094658,
    0.1853133706414296,
    0.14815293248275377,
    0.14888653773971885,
    0.1481679482469653,
    0.128597347224136,
    0.17356140120533167,
    0.1425849019974002,
    0.1425375777483154,
    0.13844340082315765,
    0.16175150427462356,
    0.1530642359965568,
    0.1380956818412437,
    0.13438763282884647,
    0.1371711354404051,
    0.14392233103512186,
    0.170506153416699,
    0.16477201845499712,
    0.17399970432789688,
    0.14433712594835488,
    0.13572449901869785,
    0.15834938660584527
  ]
}