{   "expectation_values": {
      "00": 25000,
      "01": 25000,
      "10": 25000,
      "11": 25000
    },
    "tData": [
      0.0
    ],
    "sigData": [
      1.1942022788638937,
      1.0597791236195226,
      1.0219183976841528,
      1.0396698615548456,
      1.0414932033935724,
      1.0417920308196824,
      1.1271591887870958,
      1.0472491600943554,
      1.006445693945694,
      1.022074373292147,
      1.0855712227497107,
      1.1189606025861518,
      1.1805805829539706,
      1.050219329614266,
      1.0486309622244798,
      1.0113986444855205,
      1.0174801746835043,
      1.0618593225943596,
      1.1627218469000489,
      1.1888738546265962
    ],
    "errData": [
      0.018725691966454832,
      0.017542478686762144,
      0.017098360537868347,
      0.017394655379538927,
      0.01734228740968996,
      0.017427214165842222,
      0.018041985576964265,
      0.017457745620555715,
      0.017013047483150804,
      0.017205092385200266,
      0.017724197192991464,
      0.018121147885198675,
      0.018590890640584574,
      0.01748940311741442,
      0.017395798184550337,
      0.016976108990944788,
      0.017122305336313485,
      0.017512791545445012,
      0.018401957891130024,
      0.01867341078562076
    ],
    "qb1_calibration_results": {
      "odmr_res_freq": 1466930435.7309291
    }
  }