{
  "tData": [
    0.0,
    1.756112994720534e-07,
    3.512225989441068e-07,
    5.268338984161601e-07,
    7.024451978882136e-07,
    8.780564973602668e-07,
    1.0536677968323202e-06,
    1.2292790963043737e-06,
    1.4048903957764271e-06,
    1.5805016952484803e-06
  ],
  "sigData": [
    1.1951613319899763,
    1.042161277118297,
    1.0680198595595831,
    0.9781400997390248,
    1.1966028359679561,
    1.1934553290582695,
    1.1203537598904574,
    1.0983844421344422,
    1.0629227422589307,
    1.0168379884401066,
    1.1042875397154304,
    1.124803297755884,
    1.170594213758473,
    1.1688815492908908,
    1.0679728763322736,
    1.1443756611004179,
    1.0404648375413637,
    1.1271504248400295,
    1.1271660579687621,
    1.0672159884755237,
    1.111367507996106,
    1.0816213286532803,
    1.079510742834525,
    1.0414328203801888,
    1.072855083220297,
    1.1026961162882494,
    1.0584682103306746,
    1.1147043652354849,
    1.0474385690718069,
    1.0874180659650587,
    1.1896868038264972,
    1.0427267833346572,
    1.014652062078133,
    1.0765369592261052,
    1.1397924712509613,
    1.2172236835318995,
    1.2214613625503445,
    1.1897632311977715,
    1.1322671781446827,
    1.1134936504595523,
    1.0591178811154938,
    1.0761375633902763,
    1.0320260931010117,
    1.0198934998795637,
    1.0796532973122748,
    1.098956331616661,
    1.0548034028426185,
    1.0785703736523409,
    1.105439990400521,
    1.1465735110191055,
    1.1619191556944515,
    1.190673669431372,
    1.12934982277302,
    1.135903984987881,
    1.0749188760011046,
    1.0190618994683005
  ],
  "errData": [
    0.01953658445410055,
    0.01804191897241068,
    0.018446055511192008,
    0.017520025862263835,
    0.01950019580714172,
    0.01960937907903486,
    0.01891817770685995,
    0.01871088527162446,
    0.01820365954815516,
    0.017932725929658156,
    0.01873447819369886,
    0.018833956772423263,
    0.019317524299245024,
    0.019364443134562554,
    0.018377785322155997,
    0.0191428297864798,
    0.018191716870246066,
    0.019062924202114577,
    0.018945434644331422,
    0.01843658626680491,
    0.01886250024279714,
    0.018491063029072434,
    0.018473090370003685,
    0.018133458918504188,
    0.018332191156662018,
    0.018662326085537292,
    0.018276437108840134,
    0.018949028968721564,
    0.018255177223394044,
    0.018654302523572454,
    0.019628438651914635,
    0.018359171024160424,
    0.01789002038653465,
    0.018546683425920904,
    0.019067454069714145,
    0.01971610138666916,
    0.019681325945659855,
    0.019472318943263102,
    0.018998593555278855,
    0.018967425285119077,
    0.018330622029730015,
    0.018494495270040972,
    0.018040456598795412,
    0.017909907173118432,
    0.018532634300302928,
    0.018584090501543683,
    0.018285275138288547,
    0.018553147677678013,
    0.01867680529033512,
    0.01911351103580099,
    0.019155822639649316,
    0.019559087648277025,
    0.018954664209991152,
    0.019084399764977264,
    0.018457720118132005,
    0.017917490618834506
  ],
  "qb1_calibration_results": {
    "odmr_res_freq": 1466219561.8299162
  }
}