{
  "tData": [
    0.0
  ],
  "sigData": [
    1.1725219020164148,
    1.091985463196054,
    1.0363350534841598,
    1.0224835246598638,
    1.0805811845928246,
    1.0816728591628897,
    1.153836646519884,
    1.0345165086893244,
    1.028000568115361,
    1.1527176861071597,
    1.0388572908053753,
    1.034172672781984,
    1.1369793977452418,
    1.0661635157160723,
    1.0485073381748906,
    1.0224859773360355,
    1.0233396912290593,
    1.0734788084160567,
    1.1171714510060475,
    1.029321802257676
  ],
  "errData": [
    0.005744269811920321,
    0.005512372963879519,
    0.005367761595087748,
    0.005327982979420978,
    0.005489472735185061,
    0.005483662722957077,
    0.005686618446097707,
    0.005367372633858276,
    0.005344532824263824,
    0.00568510263567313,
    0.005374196137304282,
    0.005357796976175208,
    0.0056416528832636805,
    0.00544750232613916,
    0.005398116991559795,
    0.00532720127036755,
    0.00532535081671046,
    0.005470183310158112,
    0.00558330790443964,
    0.0053444214221664635
  ]
}