{
  "tData": [
    0.0,
    1.756112994720534e-07,
    3.512225989441068e-07,
    5.268338984161601e-07,
    7.024451978882136e-07,
    8.780564973602668e-07,
    1.0536677968323202e-06,
    1.2292790963043737e-06,
    1.4048903957764271e-06,
    1.5805016952484803e-06
  ],
  "sigData": [
    1.1613797885248744,
    1.102446244259833,
    1.0166554042346745,
    1.0427992807136997,
    1.0306210465784933,
    1.0342536181589161,
    1.0701582916319154,
    1.0589524688509462,
    1.0912991314780522,
    1.1169296799350972,
    1.0013974811254835,
    1.0434701750743893,
    1.1078726580193534,
    1.0658661124368152,
    1.11654938206771,
    1.1254199328107504,
    1.0547981329606286,
    1.0400680359987944,
    1.04057162053906,
    1.06194640943194,
    1.0421491092043145,
    0.9920292812324644,
    1.0819926578945074,
    1.0676327256787768,
    1.121223289895134,
    0.986349346185072,
    1.078513767072479,
    1.1046073791282065,
    1.0204157099490037,
    1.087948079781534,
    1.1619502570226907,
    1.0486154405652537,
    1.0333203074117494,
    1.0752999368553988,
    1.080456458344247,
    1.1070704953538741,
    1.0186465101429767,
    1.03664778632301,
    1.0293094690806408,
    1.015336227288087,
    1.0875392743065528,
    1.0117604916532879,
    1.031813926322932,
    0.9786056408400958,
    1.1267552916881776,
    1.1598866678797015,
    1.1439235438460547,
    1.0776407579866618,
    1.1076277730060817,
    1.0955765986678492,
    1.0357454379010458,
    1.0668956365623292,
    1.0692198544743514,
    1.1363784507513697,
    1.148243359040274,
    1.1184585123453594
  ],
  "errData": [
    0.019294326483523926,
    0.018768317232483237,
    0.017942162731266333,
    0.018259825014186198,
    0.018126752550964693,
    0.018010652065134986,
    0.01847454722678942,
    0.01821830449418857,
    0.01867881795628951,
    0.018948789979743252,
    0.017649226289075826,
    0.01818305988845514,
    0.01870761732957897,
    0.01829058528124339,
    0.01897683296265681,
    0.018980609306507724,
    0.018437686067446588,
    0.01811119438497557,
    0.018117824601983655,
    0.018276991139298357,
    0.018133895618438183,
    0.017539995471917483,
    0.01861964199566772,
    0.01835184746044825,
    0.019044897800605372,
    0.017623717364812882,
    0.018594828783733922,
    0.01882664011477849,
    0.01791187108913273,
    0.018591645821577844,
    0.01928497512090607,
    0.01824114400735907,
    0.01812242842867668,
    0.018610279541804584,
    0.01861718824541747,
    0.01886802077927788,
    0.017925122131560143,
    0.01812975108745919,
    0.018006081057968974,
    0.017930712723294596,
    0.01865397304502384,
    0.01786239013505265,
    0.01800890620837918,
    0.01752611560256775,
    0.018909123105441086,
    0.01927799530562034,
    0.01907209076825784,
    0.018373568087071336,
    0.018810955447733268,
    0.018720363105459624,
    0.018095583163526347,
    0.018428300929611004,
    0.01842759382628027,
    0.019221211718254576,
    0.019259488741093143,
    0.018857860274637418
  ],
  "qb1_calibration_results": {
    "odmr_res_freq": 1466225230.8893683
  }
}