{
  "tData": [
    0.0,
    1.756112994720534e-07,
    3.512225989441068e-07,
    5.268338984161601e-07,
    7.024451978882136e-07,
    8.780564973602668e-07,
    1.0536677968323202e-06,
    1.2292790963043737e-06,
    1.4048903957764271e-06,
    1.5805016952484803e-06
  ],
  "sigData": [
    1.1965321421769768,
    1.0366370290653477,
    1.0561740803738637,
    1.0618181660509565,
    1.0057300346109472,
    1.0657497469679034,
    1.077066927445228,
    1.1513374592608003,
    1.1708004509582863,
    1.1583139083139085,
    1.1386000385133834,
    1.1449548159960958,
    1.087724295072629,
    1.0623782432548918,
    1.0507252007252008,
    1.1042694627192982,
    1.0465769380095766,
    1.0126066900297581,
    1.0291725829353298,
    1.0805523343211787,
    1.1151724906935652,
    1.1477862227047895,
    1.2193067279965852,
    1.1473416167328128,
    1.1174978397200621,
    1.0875782638942568,
    1.0561616266314253,
    1.0132134533852757,
    1.095814664214861,
    1.0456323282009239,
    1.169860418059914,
    1.0679584129226958,
    1.1752253069618337,
    1.0926830529063607,
    1.1033473965657934,
    1.0795926634603783,
    1.051041639686774,
    1.1031521842416703,
    1.117766773825573,
    1.1867402976721408,
    1.1935957031930082,
    1.111928335690712,
    1.0589679739918378,
    1.0890310402684564,
    1.106925948866178,
    1.1839280946105413,
    1.032203185432118,
    1.0680935017803341,
    1.0750321419388018,
    1.0663324825233096,
    1.0038444546396834,
    1.057653109902596,
    1.0884006529004846,
    1.098437774267158,
    1.0678207704329605,
    1.0981468504243557
  ],
  "errData": [
    0.019600331111056604,
    0.018004019907345452,
    0.018240081462629367,
    0.018379386429763625,
    0.017716120177139746,
    0.01831560099234246,
    0.018422054340533955,
    0.019203899985127813,
    0.019238282442847702,
    0.01922898481522243,
    0.019180999687886908,
    0.019196869154804293,
    0.018577767486123005,
    0.018329421907844232,
    0.01823408291927119,
    0.01866098665864462,
    0.018189075757108042,
    0.017761579556847748,
    0.018001063736318684,
    0.018467061732621873,
    0.018773279794963252,
    0.019115409416668037,
    0.019866988830597523,
    0.019143805361287125,
    0.018770727734222618,
    0.01853088331727254,
    0.018289761037849853,
    0.017843271935143352,
    0.01865529876535289,
    0.018087237844562575,
    0.019266885837617084,
    0.018490310626400972,
    0.019390419831520938,
    0.01860697797401338,
    0.01877692040914559,
    0.0184893712086687,
    0.0182373007695583,
    0.01872907300688514,
    0.01886761842880815,
    0.019611290208967177,
    0.019628560143720337,
    0.018737933123185804,
    0.018325408431008428,
    0.018705789056522603,
    0.018724942412681904,
    0.01943823051026806,
    0.01803863818677457,
    0.01831817013854577,
    0.018395542415088027,
    0.01852694666823005,
    0.017646408436980256,
    0.01834184984551202,
    0.018589832321452716,
    0.01883414349307629,
    0.018345328544898603,
    0.018696779927650536
  ],
  "qb1_calibration_results": {
    "odmr_res_freq": 1466288480.3056834
  }
}