{
  "tData": [
    0.0,
    1.756112994720534e-07,
    3.512225989441068e-07,
    5.268338984161601e-07,
    7.024451978882136e-07,
    8.780564973602668e-07,
    1.0536677968323202e-06,
    1.2292790963043737e-06,
    1.4048903957764271e-06,
    1.5805016952484803e-06
  ],
  "sigData": [
    1.1916504938111874,
    1.0542128878936847,
    1.0515451606574717,
    1.0221053266470215,
    1.0619621342512908,
    1.089728909019967,
    1.039451114922813,
    1.047432068249309,
    1.0596847138990497,
    1.0409409460991446,
    1.0140807628652035,
    1.0280062313429588,
    1.0505186257279715,
    1.0597770625637806,
    1.0276405162166753,
    1.1125850948717293,
    1.0338395847715476,
    1.0303045767310521,
    1.0525358140488454,
    1.0581125955672253,
    1.0321353574993977,
    1.0193542304164844,
    1.0379393970777344,
    1.0616350889995048,
    1.0644763226901126,
    1.0283122406283225,
    1.027760633647071,
    1.024761831460482,
    1.0601795607482272,
    1.0735358363528897,
    1.1403855470841726,
    1.0563375422617816,
    1.0486137728376133,
    1.0755765742420316,
    1.046396244812025,
    1.020507829175418,
    1.0554029422689852,
    1.0405048190392816,
    1.0224543921638407,
    1.0396039181555998,
    1.0029991761919472,
    1.0502535730751499,
    1.0344765574823378,
    0.9751366189881271,
    1.0755518622688145,
    1.201102323841342,
    1.1502182845403186,
    1.1535241533436478,
    1.1676751811034436,
    1.1005388226425439,
    1.0698013816925735,
    1.0502211510219597,
    1.074760101972542,
    1.0957943925233646,
    1.1509051665301664,
    1.1360884510799856
  ],
  "errData": [
    0.01952124271113135,
    0.018209713522860927,
    0.018132014958362527,
    0.017945306841270717,
    0.018264926520286693,
    0.01843552019845899,
    0.01802267014137802,
    0.01814952308492895,
    0.018333335218689743,
    0.018094447025020832,
    0.017826266070697726,
    0.01809163823194687,
    0.018212806320293963,
    0.018413190160620707,
    0.01786586414331648,
    0.018686867052336683,
    0.017958333985375698,
    0.01790670347101297,
    0.018154766784772992,
    0.018247682350769217,
    0.01802984353458947,
    0.017872287259634807,
    0.018110268090342305,
    0.018393702034887167,
    0.018295230630368746,
    0.017960244424461168,
    0.01795271175366348,
    0.01790313114153073,
    0.01830477571811356,
    0.018376179212775644,
    0.018917584814589022,
    0.018277922260840556,
    0.018091593903637758,
    0.018471994060004562,
    0.018188312531663246,
    0.01784816846855232,
    0.01828357085677905,
    0.018084043833123276,
    0.0177990371555317,
    0.018022954133514946,
    0.017726689682688496,
    0.018128502239770892,
    0.0180072037535789,
    0.017374607313010337,
    0.018348553566356587,
    0.019690765773825034,
    0.019074036192916657,
    0.01914335976039875,
    0.019257582580354916,
    0.018626605954417178,
    0.018415603899230713,
    0.018235001075835176,
    0.018283561375319793,
    0.018523409418111477,
    0.01904800518112963,
    0.018935431390515702
  ],
  "qb1_calibration_results": {
    "odmr_res_freq": 1466236628.0787857
  }
}