{
  "tData": [
    0.0,
    1.756112994720534e-07,
    3.512225989441068e-07,
    5.268338984161601e-07,
    7.024451978882136e-07,
    8.780564973602668e-07,
    1.0536677968323202e-06,
    1.2292790963043737e-06,
    1.4048903957764271e-06,
    1.5805016952484803e-06
  ],
  "sigData": [
    1.1933641733312423,
    1.1021728176257992,
    1.0737793726326375,
    1.0314111273690079,
    1.0813507090439005,
    1.106446129707113,
    1.1037488910555395,
    1.0700539177319766,
    1.0343321984562206,
    1.1171354357978696,
    1.047074022225679,
    1.0842326061141883,
    1.1102415892454955,
    1.0720372882535045,
    1.0653276845023274,
    1.1973166024851771,
    1.0395140888074677,
    1.003293876344927,
    1.1652401269576982,
    1.159219170423175,
    1.1234622717893803,
    1.110550089561538,
    1.0761059724243054,
    1.0652402771665501,
    1.1242038767739704,
    1.1090441700102478,
    1.1882245137756264,
    1.1511187547772912,
    1.0132833964024675,
    1.0476536419144482,
    1.1508122869268769,
    1.0969123953794009,
    1.029033929033929,
    1.0417358086150867,
    1.0871544503753852,
    1.077716887861552,
    1.0307425793773917,
    1.099091692114948,
    1.072104172065302,
    1.0756840188913221,
    1.0219506939056977,
    1.0774036204288173,
    1.0218303179037327,
    1.0164337780584722,
    1.1227234643030384,
    1.137069732430028,
    1.0207244359223557,
    1.061035280865257,
    1.0827214107119356,
    1.070052291057343,
    1.070839947606284,
    1.0328841086778109,
    1.0826246238388066,
    1.100031198814445,
    1.0457156699889258,
    1.0532252652228904
  ],
  "errData": [
    0.019634165221162594,
    0.01877336005441005,
    0.018487085474034142,
    0.018130969471135346,
    0.018598067831610825,
    0.018844453969903537,
    0.01889142017605668,
    0.018482722487886877,
    0.018110361272572522,
    0.018974793347309733,
    0.018208144948836314,
    0.018584783886413044,
    0.018967164498239576,
    0.01850086017413172,
    0.01846046592618512,
    0.01969271340576638,
    0.018222861295598934,
    0.0178424025682996,
    0.01933492276161051,
    0.0193513125628056,
    0.0189902987371145,
    0.018813528734137667,
    0.018501406320987002,
    0.018365981431507746,
    0.018939596498364093,
    0.018833626173997038,
    0.019651555445864458,
    0.01922190955011561,
    0.017885284330168456,
    0.018221175552463383,
    0.019231142261989083,
    0.018679753161421977,
    0.018028862368545118,
    0.018159114052214306,
    0.01862462372274554,
    0.01851286022664021,
    0.018029684636153436,
    0.018758196676879273,
    0.018439536709178028,
    0.018640151240850635,
    0.0179475473215354,
    0.018549721591232946,
    0.01803217335755672,
    0.018051817917906634,
    0.01910664306001252,
    0.018947765462817442,
    0.018076422676429966,
    0.018507576262928926,
    0.018683246124132035,
    0.018658783549736033,
    0.01846675177908802,
    0.018071261275750684,
    0.01862848341911609,
    0.01873030106541778,
    0.018206177458972142,
    0.018226736013507328
  ],
  "qb1_calibration_results": {
    "odmr_res_freq": 1466285173.1566143
  }
}