{
  "populations": {
    "00": 0.125179162413592,
    "01": 0.3982388749256219,
    "10": 0.25903027773889153,
    "11": 0.21755168492189464
  },
  "tData": [
    0.0,
    1.4601821835454004e-07,
    2.920364367090801e-07,
    4.380546550636201e-07,
    5.840728734181602e-07,
    7.300910917727002e-07,
    8.761093101272402e-07,
    1.0221275284817803e-06,
    1.1681457468363203e-06,
    1.3141639651908603e-06
  ],
  "sigData": [
    0.9181663837011885,
    0.8986175115207373,
    1.1516610495907558,
    1.0959139784946237,
    1.2580645161290323,
    0.944875459371172,
    1.1340299863698318,
    1.1225806451612903,
    0.7996999249812453,
    0.6339084771192798,
    1.250707413695529,
    0.7004608294930875,
    0.9281720430107526,
    0.8946236559139784,
    0.7224528904503354,
    0.9654913728432108,
    0.9612178325480247,
    1.190061028770706,
    1.0340256296950951,
    0.6879304095686843,
    0.9149560117302051,
    1.4086021505376343,
    0.6513383665065203,
    0.9880689350419798,
    1.15765561108587,
    1.067448680351906,
    1.0166177908113392,
    1.3567362428842504,
    1.1954022988505746,
    0.9967274427302477,
    1.2780337941628266,
    0.989247311827957,
    1.0384024577572966,
    1.2903225806451613,
    0.9743833017077799,
    0.7615869484612532,
    0.0,
    1.2240627724498692,
    0.989247311827957,
    0.8594185583432895,
    1.051041241322989,
    1.169468423443889,
    1.1630107526881721,
    1.0147351652727996,
    0.9490662139219016,
    1.2813620071684588,
    0.9633827375762859,
    1.2328021764477264,
    0.8591660110149488,
    1.054054054054054,
    0.9944700460829492,
    0.0,
    1.0184331797235022,
    0.8482404692082112,
    0.0,
    1.6929510155316605
  ],
  "errData": [
    0.13030751239200286,
    0.12621623150018704,
    0.1849660090008948,
    0.1681341174040336,
    0.20626780319011423,
    0.14605642335480062,
    0.1775080214032823,
    0.18404458304657412,
    0.12343136856438904,
    0.10418594355273797,
    0.21411791497109886,
    0.10884653224817312,
    0.1478724773224085,
    0.13126229058154387,
    0.10567399942586014,
    0.14232049276778358,
    0.13942588623135174,
    0.18062806917801727,
    0.16287049671825188,
    0.10862894995110306,
    0.14435377560199258,
    0.20145522737898594,
    0.1016107224901348,
    0.15724438697528997,
    0.18041827294229587,
    0.1755824171300263,
    0.16905077738092542,
    0.20929296415228826,
    0.1671802019211522,
    0.16282962319326047,
    0.2072215933106764,
    0.15226080601414566,
    0.15233100920338707,
    0.20558129208146877,
    0.16118346886960708,
    0.11835874863561671,
    0.0,
    0.18471903295019662,
    0.15226080601414566,
    0.13422861097107525,
    0.15856181765498692,
    0.18187214506199634,
    0.17618257136999096,
    0.15237849475522183,
    0.14941630717280893,
    0.19424280728512533,
    0.15316943118757018,
    0.1754087935172806,
    0.13337811108819775,
    0.16419645799443805,
    0.1613798679296622,
    0.0,
    0.1643765670300445,
    0.1275173510433628,
    0.0,
    0.28172673722076097
  ],
  "qb1_calibration_results": {
    "odmr_res_freq": 1462920120.5764697
  },
  "qb2_calibration_results": null
}
