{
  "tData": [
    0.0,
    1.756112994720534e-07,
    3.512225989441068e-07,
    5.268338984161601e-07,
    7.024451978882136e-07,
    8.780564973602668e-07,
    1.0536677968323202e-06,
    1.2292790963043737e-06,
    1.4048903957764271e-06,
    1.5805016952484803e-06
  ],
  "sigData": [
    1.1817860729544332,
    1.0753409781947703,
    1.0388527639820457,
    1.0284633484473757,
    1.1817643423627562,
    1.1076346985064407,
    1.1266381950735516,
    1.0764274711390345,
    1.039593365436062,
    1.030144995730294,
    1.112091238875695,
    1.1533578450411262,
    1.1828703703703705,
    1.199870415964753,
    1.070424113878758,
    1.0724164724164724,
    1.0438317057461661,
    1.0573358142099096,
    1.1011808635171276,
    1.1009144519782819,
    1.0545557339409948,
    1.0213920408459483,
    1.0479874556151674,
    1.0374567971115172,
    1.0238851857593136,
    1.0534645921539088,
    1.0632992272158184,
    1.0740118976901951,
    1.0436788787121842,
    1.0738405383431073,
    1.1777265032182662,
    1.051714681223392,
    1.0329904312357303,
    1.1033947020896449,
    1.1079961390291195,
    1.2285307231617548,
    1.1814247526709816,
    1.1561696103313133,
    1.0747113144188596,
    1.0259482316760635,
    1.0768105055946955,
    1.0461160020714657,
    0.9908245123920343,
    1.0141120562906951,
    1.0610353943687276,
    1.1570490386692591,
    1.0228303429284453,
    1.031399355340669,
    1.1058124185695675,
    1.1318343966522604,
    1.1826109728951157,
    1.1627425078353668,
    1.1497554744844842,
    1.1112226364592295,
    1.053286589214733,
    1.0165557440515027
  ],
  "errData": [
    0.019302834894769444,
    0.018522667104423053,
    0.01801680985681339,
    0.017975552070253698,
    0.019384476840720814,
    0.01868404106379309,
    0.018933726652237037,
    0.01849720528053023,
    0.018125215979666782,
    0.018123159416847653,
    0.018877812947283072,
    0.019181212894073044,
    0.01945562881965008,
    0.01961019772195896,
    0.018406893151943944,
    0.018437680277567602,
    0.018242900511820873,
    0.018275957900267734,
    0.018608868678915414,
    0.01873119028588954,
    0.018268260812351802,
    0.01785677542576622,
    0.018214641692562233,
    0.018048777715864443,
    0.01795759475031089,
    0.01828618808651668,
    0.018353487217442503,
    0.018426600787139914,
    0.018209622039236775,
    0.018468219098769913,
    0.019359886429565553,
    0.018320196896957817,
    0.01798023953646109,
    0.0187235546493689,
    0.018668678723928682,
    0.02004393297117151,
    0.019395163685456327,
    0.019208511768023406,
    0.018387356141113902,
    0.01790471941432019,
    0.01847920901087852,
    0.01818825784534297,
    0.017570876080149983,
    0.018008868032687166,
    0.018248295803988172,
    0.01922621307506587,
    0.017940845821526236,
    0.017963832983098803,
    0.018680955148147736,
    0.018923396645236287,
    0.01955668911502287,
    0.01926991859281861,
    0.019278659761718143,
    0.018859930167269508,
    0.018148548039096577,
    0.017978864970032534
  ],
  "qb1_calibration_results": {
    "odmr_res_freq": 1466241778.2112653
  }
}