{
  "expectation_values": {
    "1": 1.0939816770325967,
    "2": 1.0641563565180707,
    "3": 0.9930581574604025,
    "4": 0.9984324777148659
  },
  "tData": [
    0.0,
    1.5570822697467026e-07,
    3.114164539493405e-07,
    4.6712468092401077e-07,
    6.22832907898681e-07,
    7.785411348733512e-07,
    9.342493618480215e-07,
    1.0899575888226918e-06,
    1.245665815797362e-06,
    1.4013740427720323e-06
  ],
  "sigData": [
    1.1051043597639012,
    1.02363630734939,
    1.0232754097839394,
    0.9472034996005555,
    1.1400577878547282,
    1.009410161776926,
    1.114470139109342,
    1.0148871433450277,
    0.9511944799709471,
    1.0194768702130734,
    1.001847243637696,
    1.063739501517226,
    1.045071641652627,
    1.0753563840061813,
    0.9856383753651746,
    1.0774782029640873,
    1.014142383179438,
    0.9682614650734427,
    1.0847039409060548,
    1.0345038791343404,
    1.0320872636931795,
    0.9985592887354869,
    1.0071177511429235,
    0.9716210698244182,
    1.0214588279104406,
    0.977303274682307,
    1.0238584147598273,
    1.0783410138248846,
    0.921446196437169,
    1.046795130083035,
    1.1676545235667128,
    1.0223229232362399,
    1.0330037283190145,
    0.986276872248365,
    0.9887774201379915,
    1.0199161181787875,
    1.0255122864029447,
    1.0608952457252372,
    1.0504868706446997,
    1.0260578131545872,
    0.9758103232000991,
    1.0057681007020691,
    1.0099127582190315,
    0.9852662127469584,
    1.0512409097077535,
    1.0912571892973242,
    0.9754535920707138,
    1.0219763552617924,
    0.9658544955387784,
    1.0283938977077762,
    1.026109189587696,
    1.0319784376626302,
    1.0493528836754642,
    1.04448447137165,
    1.0213368389119224,
    1.0274761500027803
  ],
  "errData": [
    0.022726603912187553,
    0.021386473062469588,
    0.021668474971029156,
    0.02016774574818907,
    0.02392531122925502,
    0.020807056849270363,
    0.023436529207522455,
    0.021275449474034203,
    0.02041269600387283,
    0.021713427258454595,
    0.020888662545362948,
    0.022411738257683507,
    0.021717611111719493,
    0.02220375519064539,
    0.02067408963258698,
    0.022261973340394352,
    0.021579832503025483,
    0.020662646961302305,
    0.02254422818712078,
    0.021719233299257,
    0.021556885793665943,
    0.02093253457173056,
    0.021480136621091387,
    0.02069246400375032,
    0.021376880727141553,
    0.02049803323988008,
    0.02140291003178503,
    0.022297317484202984,
    0.01944836815890281,
    0.021986443233828656,
    0.023598033437680944,
    0.02142957575413506,
    0.022040887806406003,
    0.02056257188402505,
    0.020945008158356832,
    0.02134417386298085,
    0.021363089698166235,
    0.022151622585716433,
    0.021753025704005124,
    0.021255511145449428,
    0.020615978428210762,
    0.0210869366058484,
    0.021414872246837087,
    0.0210752823893744,
    0.022173381350468174,
    0.022587524739105032,
    0.020798247943825395,
    0.021692646921349725,
    0.020528241732821598,
    0.02144804580083975,
    0.02156928559993641,
    0.02156031191632658,
    0.021915783121508048,
    0.02180498445560221,
    0.021403233200150938,
    0.021729354418047693
  ],
  "qb1_calibration_results": {
    "odmr_res_freq": 1462987691.5032227,
    "rabi_period_fast": 1.396811081983972e-07,
    "rabi_offset_fast": 1.0355774590831213,
    "rabi_amplitude_fast": 0.08578287306303586,
    "rabi_period_slow": 1.5570822697467026e-06,
    "rabi_offset_slow": 1.0362411608583089,
    "rabi_amplitude_slow": 0.09540379828585573
  },
  "qb2_calibration_results": null
}