{
  "tData": [
    0.0,
    1.756112994720534e-07,
    3.512225989441068e-07,
    5.268338984161601e-07,
    7.024451978882136e-07,
    8.780564973602668e-07,
    1.0536677968323202e-06,
    1.2292790963043737e-06,
    1.4048903957764271e-06,
    1.5805016952484803e-06
  ],
  "sigData": [
    1.1478552905666795,
    1.1252606110524825,
    1.041573801289441,
    1.0142445051438491,
    1.0990146939125218,
    1.0904823595457096,
    1.1046137200855253,
    1.0693340827989133,
    1.0548030495552732,
    1.0631897242395265,
    1.0812742932484034,
    1.1040053868543378,
    1.0177485485899358,
    1.0427062638147087,
    1.0582179167630257,
    1.152038294710284,
    0.9634053994265342,
    1.031816760475297,
    1.0804125664006337,
    1.1504734209205312,
    1.1339461194503806,
    1.043760898553698,
    1.0314775453063245,
    1.0994764397905759,
    1.066108637732476,
    1.1233639190759346,
    1.0942512003268974,
    1.1280623990653884,
    1.0582223598637348,
    1.10813584866438,
    1.2017845811493293,
    1.0579643019495835,
    1.0339613954619689,
    1.0353047754626634,
    1.085101141078838,
    1.0798661174047375,
    1.0880607796094215,
    1.1091964494885078,
    1.0857409092879122,
    1.055322238452977,
    1.0565393458938193,
    1.057282309258594,
    0.9983575865883755,
    1.0751762245345864,
    1.0960496103386173,
    1.1162360200539916,
    1.0662235415591121,
    1.0256824619020313,
    1.0281181029838555,
    1.0604807140247403,
    0.959719068046093,
    1.0575095261442125,
    1.0309027328066314,
    1.0542710340398203,
    1.012837779504446,
    1.008133856101252
  ],
  "errData": [
    0.018988104787961015,
    0.018868416258612797,
    0.018048639456321253,
    0.017758971225436643,
    0.01861422155808511,
    0.018609664037266542,
    0.018686500831661613,
    0.01828401586557309,
    0.01809985259490429,
    0.018331578472123612,
    0.018443144496191274,
    0.018791098524191356,
    0.01790104279685275,
    0.018123939108747107,
    0.018232249770368927,
    0.019179890806035046,
    0.01727112551043065,
    0.01811024629195571,
    0.018486735516690295,
    0.019181559895645062,
    0.018950713396581588,
    0.018078230382576034,
    0.017950304183883624,
    0.01874270479850774,
    0.018426664568745744,
    0.018811149976807405,
    0.01851061497672372,
    0.01890548377904181,
    0.018272008309770597,
    0.018800251375593952,
    0.01968816670131026,
    0.018242536526802345,
    0.018131596177947292,
    0.018082507439425955,
    0.018568036290661658,
    0.01845236010487228,
    0.01854683104475399,
    0.018826454114296034,
    0.018599334738036124,
    0.01834256595564778,
    0.018231764952977795,
    0.018212963866667008,
    0.017608516354509104,
    0.018435082486634464,
    0.01855206965673717,
    0.018775072988445173,
    0.01834885059211017,
    0.01805414385887544,
    0.01807831512924377,
    0.018395540141342457,
    0.017136641646076103,
    0.01826414222634702,
    0.01804777699072216,
    0.018315925296792605,
    0.017874539196357356,
    0.017793170022804256
  ],
  "qb1_calibration_results": {
    "odmr_res_freq": 1466250647.3385317
  }
}