{
  "tData": [
    0.0,
    1.756112994720534e-07,
    3.512225989441068e-07,
    5.268338984161601e-07,
    7.024451978882136e-07,
    8.780564973602668e-07,
    1.0536677968323202e-06,
    1.2292790963043737e-06,
    1.4048903957764271e-06,
    1.5805016952484803e-06
  ],
  "sigData": [
    1.2109086882830398,
    1.112525190943115,
    1.025428228845495,
    1.0074555823835363,
    1.0496008878644298,
    1.0661857985325378,
    1.1137154782370702,
    1.1468765087247397,
    1.2012752327363976,
    1.1695447141992206,
    1.1850352081913649,
    1.07174622499535,
    1.0612268608163582,
    1.060023115448825,
    1.1098497640386196,
    1.1200189875041695,
    1.0408598805913407,
    1.029935275080906,
    1.0147316081107864,
    1.0909126405664307,
    1.0733029264479776,
    1.1441003765436975,
    1.197264563546492,
    1.1745159602302457,
    1.0740673778099197,
    1.0858650057200967,
    1.0666744390901084,
    1.0617031554612426,
    1.0704811632971516,
    1.0968079472461392,
    1.1964077990173099,
    1.0827236819508843,
    1.1408208541320022,
    1.1401025934798459,
    1.0854755063121835,
    1.0594351455386877,
    1.0346525741912256,
    1.0312796004477742,
    1.1416336098088713,
    1.1544885618842233,
    1.2023739025206621,
    1.1668509596398389,
    1.0569534142771033,
    1.039936604406256,
    1.1114782309413183,
    1.1663347987242478,
    1.0667477904444729,
    1.090675139945213,
    1.0911260234442368,
    1.0948723209629572,
    1.058348355210264,
    1.071406499459237,
    1.0984687112365799,
    1.0601320284606097,
    1.1045781813828603,
    1.075012078215984
  ],
  "errData": [
    0.019569499612995044,
    0.018628555294146205,
    0.01792278049017518,
    0.017844548184232666,
    0.01812168800558413,
    0.01831354886837529,
    0.01873316462839285,
    0.0191115739980358,
    0.019537904600698843,
    0.01921197604037082,
    0.019586597086189674,
    0.018239678246663362,
    0.018303720409861186,
    0.018244922590138143,
    0.018813409548779223,
    0.018790924497213965,
    0.018148239009088275,
    0.017962214537029727,
    0.017876204699540862,
    0.018656976803591817,
    0.018399087759568885,
    0.01925813796190231,
    0.019572629540462363,
    0.019314044034616777,
    0.01842759440894513,
    0.018391250437461044,
    0.018386797196921215,
    0.01832972875470928,
    0.01835598357322352,
    0.018565479524265998,
    0.019626757571113203,
    0.018483673553843387,
    0.01895830533006595,
    0.019114184130284973,
    0.01855492892380893,
    0.01833384310091471,
    0.018017894121992513,
    0.018026855846586046,
    0.019024947271986795,
    0.018997207497279962,
    0.019568329740018254,
    0.01946509562152825,
    0.018269062390974068,
    0.018235711015408596,
    0.018768823468293293,
    0.01928674427762976,
    0.018284270129812704,
    0.01847151663812225,
    0.01850853321197551,
    0.0185554735862314,
    0.01812435536411488,
    0.018375010580384626,
    0.018594849953735556,
    0.018246878450140475,
    0.018647064904184617,
    0.018292865951085126
  ],
  "qb1_calibration_results": {
    "odmr_res_freq": 1466245400.210139
  }
}