{
  "tData": [
    0.0,
    1.756112994720534e-07,
    3.512225989441068e-07,
    5.268338984161601e-07,
    7.024451978882136e-07,
    8.780564973602668e-07,
    1.0536677968323202e-06,
    1.2292790963043737e-06,
    1.4048903957764271e-06,
    1.5805016952484803e-06
  ],
  "sigData": [
    1.2224233179064217,
    1.0842543814344248,
    1.069692582154769,
    1.010063299315334,
    1.0593374762555545,
    1.047543814210481,
    1.0795951883474777,
    1.1525560205997347,
    1.137538400469435,
    1.155152665230622,
    1.0974113339294078,
    1.07790375605084,
    1.073272884283247,
    1.0440155042792851,
    1.0525239338555266,
    1.1851694003185673,
    1.0135085750084836,
    1.0364011936797073,
    1.0462230752825763,
    1.0374751176837447,
    1.0543879434078325,
    1.159761634506243,
    1.1511341861308197,
    1.170006922810661,
    1.1199887897210365,
    1.0961480641531154,
    1.039324291679608,
    1.0483513726304496,
    1.0494728825452242,
    1.0851727838591974,
    1.159033111672423,
    1.0420994304270508,
    1.1665711183496201,
    1.176295062627945,
    1.070025986542069,
    1.0571408788374488,
    1.051064832669152,
    1.1210965313803276,
    1.1169568607068607,
    1.1339599866450933,
    1.1572262406549756,
    1.142782444859296,
    1.0521192929633763,
    1.079985732948295,
    1.086684168117901,
    1.1006071676657492,
    1.065206178920494,
    1.1128580779632404,
    1.056275275892796,
    1.1068351793997917,
    1.0722010918781857,
    1.0558268103025137,
    1.0797996291949448,
    1.0769823336072308,
    1.035919540229885,
    1.0688691481917636
  ],
  "errData": [
    0.01978810135704473,
    0.018520804935209047,
    0.01839624612314862,
    0.01782609010106311,
    0.01827468651812913,
    0.018204086789171955,
    0.018467203874764367,
    0.019152855344782265,
    0.01903525513224396,
    0.01910500165823465,
    0.01854231795632551,
    0.018483907823687584,
    0.018448075306674708,
    0.018210677331560968,
    0.018324740056995394,
    0.01944537589073607,
    0.017951059001227357,
    0.018089849477958803,
    0.018083057866464348,
    0.01801422281829807,
    0.018173274509909593,
    0.01920386761768215,
    0.019161728214147192,
    0.019357537690116916,
    0.018867781534581914,
    0.018612171351282875,
    0.018120324978390143,
    0.018231310764592806,
    0.018141641196620803,
    0.01850522470134352,
    0.019188854282026574,
    0.018107938324819474,
    0.019362880634573695,
    0.019437658030562688,
    0.018384871178803087,
    0.018317491998352416,
    0.01817034415494067,
    0.018716691296895363,
    0.01888269233956446,
    0.018926976374734894,
    0.019263061066643574,
    0.019097984191259285,
    0.01826686101242066,
    0.01846678979657571,
    0.01860377497687743,
    0.018637536826100923,
    0.018330580308769016,
    0.018790743585174338,
    0.018217102561610847,
    0.018728214210924212,
    0.018426362593285252,
    0.018258717697534062,
    0.01836822491738933,
    0.01840091617024674,
    0.018035889117820027,
    0.018297701116915865
  ],
  "qb1_calibration_results": {
    "odmr_res_freq": 1466223822.9948812
  }
}