{
  "tData": [],
  "sigData": [
    1.3968915845337375,
    1.1849379245724996,
    1.0084108012394866,
    1.335237369890835,
    0.8681858802502234,
    0.9242424242424243,
    0.9647043832823649,
    1.0737179487179487,
    0.7729614695340502,
    1.2130695443645083,
    1.1029745685740235,
    1.0458920187793428,
    1.102321388325445,
    0.8877266387726639,
    1.1825290437890974,
    0.9664891256102973
  ],
  "errData": [
    0.11534938452440982,
    0.10141613136118544,
    0.0902905139465995,
    0.1127547786569494,
    0.08368398143058314,
    0.08707103078883341,
    0.0945906472152741,
    0.0967518069677822,
    0.07875404286365768,
    0.1039420181649033,
    0.09601424113828529,
    0.09484241064910799,
    0.09562565036392413,
    0.08638487897910871,
    0.09893292131001742,
    0.0883589215813368
  ]
}