{
  "expectation_values": {
    "1": 1.0295620730040156,
    "2": 1.0443698094994545,
    "3": 1.0042369549140822,
    "4": 1.004363852378898
  },
  "tData": [
    0.0,
    1.4598734159129468e-07,
    2.9197468318258937e-07,
    4.3796202477388405e-07,
    5.839493663651787e-07,
    7.299367079564735e-07,
    8.759240495477681e-07,
    1.0219113911390627e-06,
    1.1678987327303575e-06,
    1.3138860743216522e-06
  ],
  "sigData": [
    1.1464506863910808,
    1.0043953704126172,
    1.0139777080334458,
    0.9925063213546854,
    1.0435623047660285,
    1.03360512198794,
    1.0443288241415194,
    1.097599249360986,
    0.9435974918788246,
    0.971712158808933,
    1.0156888637364019,
    0.9635045494117737,
    0.962955647060611,
    0.9955608168097071,
    1.0071244805066297,
    1.071968772871432,
    0.9419688961788469,
    0.9893556122843661,
    1.0706410779910167,
    0.9871818237045137,
    1.0394826464623275,
    1.0391111389903869,
    0.9438377303617533,
    0.9833218275385968,
    1.0352350163964927,
    1.0033199081567357,
    0.9922450622252491,
    1.0642381107465984,
    0.9828507126781696,
    1.004373323495277,
    1.1078389245265647,
    0.9886400421575638,
    0.9941424360530424,
    1.0132219902574808,
    1.0336167919975636,
    1.0147031767447565,
    1.0704992869605399,
    1.0026964945570758,
    1.000310031741345,
    1.0531331903740766,
    1.0027828949947086,
    0.9950262233158009,
    0.9879964735402491,
    0.9749746153245333,
    0.9958811392723093,
    1.0931967880118532,
    0.9938081430469976,
    0.9973149972237224,
    1.0915456571529927,
    1.045449322435097,
    1.083240860732383,
    1.04270907931911,
    1.0197993457607488,
    0.9901655996060085,
    0.9708976157082748,
    1.0232983522190016
  ],
  "errData": [
    0.02333948501914799,
    0.02089017428632425,
    0.021402790047106338,
    0.020777599934491558,
    0.021698425964568512,
    0.02180299776477152,
    0.021677066068655805,
    0.02308509412702992,
    0.019845896789246305,
    0.020405411225910497,
    0.021422897398317146,
    0.020364727877516458,
    0.020213904393610482,
    0.020726216733882946,
    0.02094389439572594,
    0.022353519467220015,
    0.019870957467223956,
    0.02082591227437831,
    0.022307432746811882,
    0.020598889350133594,
    0.021521863017790226,
    0.02177839803882346,
    0.01967090966695885,
    0.020873689928882215,
    0.021592304864807888,
    0.020767900881641443,
    0.020877785076146523,
    0.022331420278920086,
    0.020404752795603585,
    0.02100151122412367,
    0.02264850720511165,
    0.02053309991822571,
    0.020635589281385893,
    0.020862952585128727,
    0.021644271308749765,
    0.021140620481642284,
    0.02246704914129027,
    0.020969429169151226,
    0.020517280006516193,
    0.02178786604405786,
    0.021183783275092342,
    0.020630460175903392,
    0.020532386410110327,
    0.02069200021834198,
    0.020765583037840336,
    0.022418894715269488,
    0.020647133069581925,
    0.02077883983035801,
    0.022443180455270745,
    0.0216280640277327,
    0.0223791510676709,
    0.02187687841390945,
    0.021443008007594452,
    0.020784296275782117,
    0.02037539593516238,
    0.021396408172588356
  ],
  "qb1_calibration_results": {
    "odmr_res_freq": 1462908211.7725675,
    "rabi_period_fast": 1.393089692193426e-07,
    "rabi_offset_fast": 1.0315705024045871,
    "rabi_amplitude_fast": 0.09583985328672033,
    "rabi_period_slow": 1.459873415912947e-06,
    "rabi_offset_slow": 1.035070736992193,
    "rabi_amplitude_slow": 0.08832983148509747
  },
  "qb2_calibration_results": null
}