{
  "populations": {
    "00": 5.575094560266384e-17,
    "01": 0.9999999999999984,
    "10": 4.2361551787850755e-17,
    "11": 1.5733978812912873e-15
  },
  "tData": [
    0.0,
    1.49485096223556e-07,
    2.98970192447112e-07,
    4.484552886706679e-07,
    5.97940384894224e-07,
    7.4742548111778e-07,
    8.969105773413358e-07,
    1.046395673564892e-06,
    1.195880769788448e-06,
    1.345365866012004e-06
  ],
  "sigData": [
    1.154960270398482,
    1.0225878617305333,
    0.9789761878302334,
    0.9674843393243955,
    1.0398603493332508,
    1.0369970222414295,
    0.9907749371084195,
    1.0177578989688771,
    0.9837702332435356,
    1.0235159696019558,
    0.9636095973553036,
    0.9995534152023323,
    1.0109460470674223,
    0.9985531139754202,
    1.033394539369797,
    1.0714502709063936,
    1.00041767531333,
    0.9791816868248409,
    1.0892129020443546,
    1.0560245132249027,
    1.0585014601957332,
    1.0155309005400779,
    0.9934699978208951,
    1.0080989830070957,
    1.0069036029559089,
    1.039104253470944,
    1.0839705287549095,
    1.0664278059944727,
    0.9810634805267443,
    1.0172274566529051,
    1.127631133944245,
    0.9832990990149852,
    1.0110462298608731,
    0.99507353494865,
    1.0355245161883684,
    0.9917334658513925,
    1.0238872638384928,
    1.0210593584068532,
    1.0051420060011655,
    1.0421172883133971,
    1.00747258500829,
    1.01874242029056,
    0.9801994732778033,
    0.9683211487828436,
    1.019566608086943,
    1.0894461978909031,
    0.9547172634107921,
    0.9784249433908755,
    0.9715538665648592,
    0.9615055404851526,
    1.0097046313659839,
    0.9738514285044201,
    0.9928887502795072,
    1.0023244628495442,
    0.9869267519953788,
    0.9677069547524239
  ],
  "errData": [
    0.010286809760850496,
    0.009321942432784945,
    0.008922714558207149,
    0.008904271148758225,
    0.00945292454996194,
    0.009446758647889943,
    0.009015902220116931,
    0.009304622300408506,
    0.008943327912492133,
    0.00933937615416355,
    0.008789191970926171,
    0.009132501082332826,
    0.009168599374470966,
    0.009053205455416234,
    0.009359853595970462,
    0.009672901669266999,
    0.009158780700519845,
    0.009085122846270445,
    0.009804942259928335,
    0.00958676224549487,
    0.009618861432256176,
    0.009250789390237628,
    0.00908423137332115,
    0.009200478804847931,
    0.009212593497946168,
    0.009437015118685641,
    0.009783700030243439,
    0.009668499068202949,
    0.008978416115078996,
    0.009261275013429916,
    0.01003173632127138,
    0.009001275205790363,
    0.009255416288886523,
    0.009050716877893942,
    0.009447185200912056,
    0.00900326581743078,
    0.00930798684998302,
    0.00927816498833819,
    0.009093002949929157,
    0.00948841197211697,
    0.009157420028785853,
    0.009297329141095463,
    0.009007581001216196,
    0.008929856658961684,
    0.009293817169457617,
    0.009747854950406018,
    0.008823420874344566,
    0.008976058240616688,
    0.008930391662009905,
    0.008815536569228578,
    0.009250156714449323,
    0.008955962354826461,
    0.009106802430372018,
    0.009229449252063118,
    0.009119062989575833,
    0.008887314765031315
  ],
  "qb1_calibration_results": {
    "odmr_res_freq": 1463361674.631941,
    "rabi_period_fast": 1.295609384404778e-07,
    "rabi_offset_fast": 1.0400545709063935,
    "rabi_amplitude_fast": 0.09495505656764593,
    "rabi_period_slow": 1.49485096223556e-06,
    "rabi_offset_slow": 1.04627556965304,
    "rabi_amplitude_slow": 0.08857327353650274
  },
  "qb2_calibration_results": null
}
