{
  "tData": [
    0.0,
    1.756112994720534e-07,
    3.512225989441068e-07,
    5.268338984161601e-07,
    7.024451978882136e-07,
    8.780564973602668e-07,
    1.0536677968323202e-06,
    1.2292790963043737e-06,
    1.4048903957764271e-06,
    1.5805016952484803e-06
  ],
  "sigData": [
    1.21328490551405,
    1.0972293748068802,
    1.0373707213639707,
    1.0511992780034016,
    1.1424378732503555,
    1.1917852522639067,
    1.0925473557898346,
    1.0432425650477204,
    1.0049338859285573,
    1.0590326310158582,
    1.033393231506439,
    1.163414122337635,
    1.1575916230366492,
    1.1879739372186502,
    1.0808410367953598,
    1.090765265763352,
    1.0498747967059918,
    1.0379282671242818,
    1.0652526297637523,
    1.0313474120508341,
    1.1038711312723428,
    1.0729258662787677,
    1.016166094339945,
    1.0600869136306426,
    1.0844639909203466,
    1.0698481953839005,
    1.1315796337837134,
    1.0812870707653064,
    1.0556965741124464,
    1.0588242821313405,
    1.1921069459566893,
    1.0398296937233897,
    1.0747578692493946,
    1.0966637072627254,
    1.1491909385113268,
    1.215172330682092,
    1.1632124352331605,
    1.1865366057223339,
    1.1104156948115897,
    1.0361001149278508,
    1.0463511627294513,
    1.1145431655309634,
    1.0199009451342296,
    1.0382428205857266,
    1.0656188840174687,
    1.1473354367090791,
    1.0218277415266575,
    1.0574758981828272,
    1.062441509826349,
    1.1297971314123272,
    1.1889328842379518,
    1.1407978139241273,
    1.1310293979764918,
    1.0871756628179083,
    1.0149443466578234,
    1.0389518172695886
  ],
  "errData": [
    0.01970519769401253,
    0.01861425662367252,
    0.01813025059029633,
    0.018285495979439202,
    0.01895794464862036,
    0.01952119009067121,
    0.018558055837545048,
    0.018183974617626015,
    0.017744503340548334,
    0.018306557668317736,
    0.017990042256804815,
    0.019397729386402832,
    0.01908817769739809,
    0.019467562910083103,
    0.01851417060461122,
    0.018470697859280925,
    0.018196166410463906,
    0.018012490487266383,
    0.01835873217339634,
    0.017977873688383897,
    0.01884593649010943,
    0.018469249731758192,
    0.01781155059935665,
    0.018184670739094203,
    0.018512239293729967,
    0.01838415936650294,
    0.019052388467282688,
    0.01862961076693269,
    0.018281359837566194,
    0.018201247883501477,
    0.019543302740090713,
    0.018079305401009306,
    0.018608113961967244,
    0.01873976940533917,
    0.019271208560913484,
    0.019711578622672973,
    0.01922791723463436,
    0.01955233576254047,
    0.018796435573617563,
    0.017969516935077492,
    0.018345274258658607,
    0.019013726683954308,
    0.017874722799369865,
    0.01809815165463016,
    0.018281244322950547,
    0.01911476488481257,
    0.017887266874350917,
    0.018336125183434783,
    0.01837807860992296,
    0.018947980369619442,
    0.01943456659128689,
    0.019085051831854372,
    0.018859126502246325,
    0.018509035349119494,
    0.017759261624963486,
    0.01798645786653513
  ],
  "qb1_calibration_results": {
    "odmr_res_freq": 1466243190.8895214
  }
}