{
  "tData": [
    0.0,
    1.756112994720534e-07,
    3.512225989441068e-07,
    5.268338984161601e-07,
    7.024451978882136e-07,
    8.780564973602668e-07,
    1.0536677968323202e-06,
    1.2292790963043737e-06,
    1.4048903957764271e-06,
    1.5805016952484803e-06
  ],
  "sigData": [
    1.2003847942830563,
    1.0783143963903339,
    1.0495665171898356,
    1.0470561265095677,
    1.0936411111980051,
    1.0651043674144118,
    1.071844095404305,
    1.0476649859367497,
    1.0285848698294318,
    1.0605635510295977,
    1.0966435185185184,
    1.0822884353032158,
    1.0685596170583116,
    1.0253095086151882,
    1.0518763513917733,
    1.1358921251348435,
    1.0500824206647161,
    1.051524166774458,
    1.116753259062045,
    1.1166091687692017,
    1.0939944061739264,
    1.044254242848017,
    1.0186642401872832,
    1.0824215338778445,
    1.0783335910520075,
    1.0993211168833406,
    1.1604688172043012,
    1.1084505075366797,
    1.0367052859014274,
    1.0562749779415581,
    1.1243981709583453,
    1.0656700116048876,
    1.0515629755228033,
    1.0354296515786245,
    1.0841508582927823,
    1.0603089414112223,
    1.09977121764941,
    1.0414108074915567,
    1.097526452971536,
    1.0581253280331777,
    1.0815469670891358,
    1.068148453395833,
    1.039069317366925,
    1.0192558663220654,
    1.0506891455282876,
    1.1619290446304045,
    1.021078238001315,
    1.0432955240334514,
    1.022765928496105,
    1.0651654285321228,
    1.0274290671565627,
    1.0211054053819217,
    1.0421309073562983,
    1.0554673020916072,
    1.0460361361697728,
    1.0321958917576446
  ],
  "errData": [
    0.0194071856890797,
    0.018486302770258235,
    0.018126008733128328,
    0.018217896682294305,
    0.01869576068051241,
    0.018296628790990938,
    0.018348405506295157,
    0.018143773923411693,
    0.018023195938359684,
    0.018354217437228385,
    0.01866757701322009,
    0.01858985791287507,
    0.01847591665943097,
    0.017863232160275574,
    0.01815277606750469,
    0.019020942061557994,
    0.01822495728455008,
    0.018230989560500465,
    0.01883023487249572,
    0.018791303422053988,
    0.018637690613713207,
    0.01817209243631042,
    0.017837087972175807,
    0.018453790268311298,
    0.018447134347625984,
    0.018668463364258526,
    0.019213742618398488,
    0.018875152164111092,
    0.017968098249805334,
    0.018304350303924345,
    0.018930819467061478,
    0.01826744168763638,
    0.018307289584070165,
    0.017964814346214653,
    0.018590790329856454,
    0.01828968649116322,
    0.018552658602763866,
    0.01803579026080255,
    0.01866850793927697,
    0.01827274867091221,
    0.01858656069746887,
    0.01834626218567725,
    0.018130822498522926,
    0.017827855090037176,
    0.018190919349669973,
    0.019354754530089727,
    0.018090750189128896,
    0.018142140111209914,
    0.017834420266160382,
    0.018332326702214876,
    0.01787936173216704,
    0.01801113861351047,
    0.01803148779551051,
    0.01818034832175945,
    0.018171748250043702,
    0.018048599626833164
  ],
  "qb1_calibration_results": {
    "odmr_res_freq": 1466218641.6639464
  }
}