{
  "tData": [
    0.0
  ],
  "sigData": [
    1.1950384675773278,
    1.0419489930359496,
    1.0334572925437366,
    1.036226578491576,
    1.0642566967618239,
    1.073814421614294,
    1.144284619235342,
    1.037334871782796,
    1.0255561618701907,
    1.1481716986168025,
    1.0393616428099186,
    1.0556477880024033,
    1.2430707426072074,
    0.9939014339871436,
    1.0906666666666667,
    1.0527887115908894,
    1.0412519747235387,
    1.0668622848200313,
    1.1600577403245942,
    1.0530137554704808
  ],
  "errData": [
    0.018652632672403864,
    0.01729981819567964,
    0.017172354865441445,
    0.017281575890539316,
    0.017517106374898145,
    0.017629078580769876,
    0.018181365384005246,
    0.01726572520746268,
    0.017223742824041953,
    0.01824809586724988,
    0.017411587296605108,
    0.017493042254850304,
    0.019149316875794978,
    0.016869902524412287,
    0.017867615924883142,
    0.01741307107572536,
    0.017355714871116215,
    0.01750351450195282,
    0.01829565761524845,
    0.017384388443404047
  ],
  "qb1_calibration_results": {
    "odmr_res_freq": 1466973718.6081421
  }
}