{
  "tData": [
    0.0
  ],
  "sigData": [
    1.1492123607223228,
    1.0684985920367487,
    1.0549609039763517,
    1.0265706775285954,
    1.0651819877936946,
    1.0707436607713616,
    1.102997266668233,
    1.0538308694961056,
    1.0200459402463213,
    0.9769416042881769,
    1.056724730418296,
    1.0572337042925277,
    1.1902962383806794,
    1.048191823899371,
    1.1748390820958075,
    1.0553084676628623,
    1.0017673094668356,
    1.0740134440490312,
    1.1500174378973067,
    1.0678246973060634
  ],
  "errData": [
    0.01824661005413341,
    0.017563928829523998,
    0.01753182292995112,
    0.01721705342915777,
    0.01757871212606715,
    0.017613310261096003,
    0.01783190082803724,
    0.017523291635497998,
    0.017098642403461345,
    0.01673734612325982,
    0.017496303321157834,
    0.01751167452058521,
    0.01866771491271097,
    0.017377275064775443,
    0.018546154439989384,
    0.017421738574481958,
    0.016910773876115268,
    0.017660737833161966,
    0.018352509565337943,
    0.01756536813185996
  ],
  "qb1_calibration_results": {
    "odmr_res_freq": 1466909853.3510695
  }
}