{
  "tData": [
    0.0
  ],
  "sigData": [
    1.2049943023301506,
    1.077920645425609,
    1.0533558873852855,
    1.0391911391911393,
    1.2358554712207463,
    1.1225707907413933,
    1.1534355735979551,
    1.0332184863965785,
    1.0093286944529334,
    1.0700682048360552,
    1.039140161003198,
    1.0349165117646124,
    1.1542935353820571,
    1.042886053534443,
    1.0581083419868467,
    1.0444876936384366,
    1.0733850129198965,
    1.0740374779131405,
    1.157447616335635,
    1.0126787833364563
  ],
  "errData": [
    0.01874764693663629,
    0.017662583312140767,
    0.017329956949444874,
    0.017228204431047642,
    0.019067271327805516,
    0.018005037879160156,
    0.018367251792938674,
    0.017306541551376703,
    0.016997103104359836,
    0.01763003134019072,
    0.0173124185841911,
    0.017347330820288446,
    0.018293472968588905,
    0.01737749230507827,
    0.017472136936827653,
    0.017345959018697146,
    0.017702428693245256,
    0.017483086250129752,
    0.018398232904905186,
    0.016996294008627906
  ],
  "qb1_calibration_results": {
    "odmr_res_freq": 1466892276.5111687
  }
}