{
  "tData": [
    0.0
  ],
  "sigData": [
    1.2316176470588236,
    1.1208964646464648,
    0.9329600918748207,
    0.9595619208087616,
    1.237245696400626,
    0.8974901297236323,
    1.0296767355590886,
    1.0797038327526132,
    0.9146757679180887,
    1.1493640934634723,
    1.1297801866907557,
    0.7847869037538809,
    1.4744336569579286,
    0.8288851820961912,
    1.036839222130923,
    0.9048850574712644,
    0.9946778711484594,
    0.9759103641456582,
    1.237245696400626,
    1.2013521457965903
  ],
  "errData": [
    0.11169353552234407,
    0.11420461963027159,
    0.0986055614799707,
    0.09900885052115203,
    0.1200418048845462,
    0.09570939892439602,
    0.09991367919892816,
    0.1073210899417343,
    0.09710182179513664,
    0.11207331993576494,
    0.11202449250527823,
    0.08911714998099685,
    0.13451987177031072,
    0.09106420751497463,
    0.10196537650477693,
    0.09703965939893841,
    0.100822751097181,
    0.09978997596973002,
    0.1200418048845462,
    0.11446657953455149
  ]
}