{
  "tData": [
    0.0
  ],
  "sigData": [
    1.0482630601962344,
    1.0248196248196249,
    1.1754385964912282,
    0.9987223168654173,
    0.9956944444444444,
    1.2424772568229532,
    1.1281241778479347,
    1.272036886357472,
    1.1080695751354435,
    1.0077235772357724,
    1.2098022355975926,
    1.1280418788907751,
    1.1281956735496559,
    0.934227834780321,
    1.1403508771929824,
    1.2018361581920902,
    1.2727812407242505,
    1.122278056951424,
    0.9334100204498977,
    1.2497972424979726
  ],
  "errData": [
    0.10092830704385795,
    0.10400663651500389,
    0.11097418170604095,
    0.1017305350631104,
    0.10045726865049177,
    0.1038721259315576,
    0.10462867333746054,
    0.11346488306567348,
    0.10786544612325157,
    0.09987154386604179,
    0.11346599123352566,
    0.10850483362655736,
    0.10114029254042488,
    0.09445975857333724,
    0.10499810439230714,
    0.11223807141939844,
    0.11873740619911553,
    0.10747448377164326,
    0.0930660957650859,
    0.11218562402480185
  ]
}