{
  "tData": [
    0.0
  ],
  "sigData": [
    1.2201986754966887,
    1.1964285714285714,
    1.759378349410504,
    0.8068400770712909,
    0.5759312320916905,
    1.0062984496124032,
    1.7730855855855856,
    1.1864583333333332,
    0.8481012658227848,
    1.759378349410504,
    0.9336677814938684,
    1.4961873638344227,
    1.49120082815735,
    1.386206896551724,
    0.9096441947565543,
    0.9738372093023256,
    0.920099875156055,
    1.1686046511627908,
    1.3610341643582642,
    1.5318892900120338
  ],
  "errData": [
    0.22371366428900685,
    0.219145035693983,
    0.27041592202304704,
    0.16709611909659083,
    0.13920495573578445,
    0.18870454884536988,
    0.2784081693883143,
    0.2140127631923965,
    0.17957174698935224,
    0.27041592202304704,
    0.1943834470321309,
    0.2488273293637297,
    0.2421142798477045,
    0.24495516764245223,
    0.17566203881228476,
    0.18538829782705887,
    0.20408774262503074,
    0.20470522933421761,
    0.21732845836218523,
    0.26500311195403636
  ]
}