{
  "tData": [
    0.0
  ],
  "sigData": [
    1.1694163979429284,
    1.0980513657797455,
    1.0363965620420919,
    1.0333782485643845,
    1.0171946141898542,
    1.0865635216755118,
    1.1706280898150574,
    1.0333040441847727,
    1.0280993592070868,
    1.0313346413142932,
    1.0401670568552996,
    1.0547617306854564,
    1.1502425224765824,
    1.0650074000386354,
    1.0650606608686144,
    1.0275613469460863,
    1.0304259627168444,
    1.0882853347095944,
    1.1142617304817597,
    1.1153312300443816
  ],
  "errData": [
    0.0057256615625156425,
    0.005533905728520228,
    0.005371325337620372,
    0.005361348998954538,
    0.005317891624336707,
    0.005498615639762095,
    0.005738292101993256,
    0.00536385580886996,
    0.0053337270125662205,
    0.005351023375607539,
    0.0053747504704883846,
    0.005426975119370884,
    0.005679090877171977,
    0.0054518068822421994,
    0.00544753208260234,
    0.00534135996987044,
    0.005357277292012275,
    0.005506559397310454,
    0.0055756440512930786,
    0.005586073604988406
  ]
}