{
  "tData": [
    0.0,
    1.2804049086872986e-07,
    2.560809817374597e-07,
    3.8412147260618963e-07,
    5.121619634749194e-07,
    6.402024543436493e-07,
    7.682429452123793e-07,
    8.96283436081109e-07,
    1.0243239269498389e-06,
    1.152364417818569e-06
  ],
  "sigData": [
    1.6278772378516624,
    0.9126602564102564,
    0.7926235212247738,
    1.1670625494853524,
    1.2142857142857142,
    1.323635057471264,
    1.0634920634920635,
    0.9068058778035577,
    1.2111352133044107,
    0.7993492407809111,
    1.0563063063063063,
    1.3856447688564477,
    1.294685990338164,
    1.1946870451237264,
    1.0754781420765027,
    1.1498855835240274,
    0.8964067278287462,
    1.2848675034867503,
    1.2627494456762751,
    0.9454614797864225,
    1.1839916839916842,
    0.7905604719764011,
    1.1428571428571428,
    1.045390070921986,
    0.9710144927536233,
    1.0483988355167393,
    1.5449029126213591,
    1.2240865026099925,
    1.1741773962804007,
    1.335144927536232,
    1.1626898047722343,
    0.903370786516854,
    1.1394557823129252,
    1.216171617161716,
    1.2468982630272953,
    0.7586694975230007,
    1.1434277414669571,
    0.0,
    1.1304526748971193,
    0.6537861046057767,
    0.9720982142857142,
    1.218634001484781,
    1.2632996632996634,
    1.7240696753760887,
    1.675,
    1.2226277372262775,
    1.1477516059957173,
    0.8552151714077316,
    0.8942057291666666,
    1.238095238095238,
    0.9120676968359086,
    1.3348659003831418,
    1.1973581973581973,
    0.7272408963585435,
    0.9287128712871286,
    0.9284064665127021
  ],
  "errData": [
    0.2307994933155816,
    0.16279058048136077,
    0.14067548569573704,
    0.1849069449709506,
    0.17904040356769976,
    0.18876071127670324,
    0.16410038805492314,
    0.1593802954632776,
    0.1803298479362182,
    0.14404314949735067,
    0.17052649944107848,
    0.20571544302270592,
    0.19740795388049487,
    0.179567342342522,
    0.16425539361567829,
    0.18002431739639566,
    0.15748467341415023,
    0.18294757476534332,
    0.18655018588446193,
    0.16187934174280977,
    0.1743599926157146,
    0.14461507597646428,
    0.17319293757719767,
    0.1648104188700119,
    0.16006699897651355,
    0.16721622933871325,
    0.21832404918826295,
    0.184204886121081,
    0.1763381709554374,
    0.19048981677115434,
    0.17634034011088354,
    0.1565335102678885,
    0.18913256865590158,
    0.19307091282210104,
    0.19597977150901175,
    0.13859615221448085,
    0.17511716243776748,
    0.0,
    0.18526798377045636,
    0.13453056356818588,
    0.1622943180751625,
    0.1833440211606882,
    0.17810887760514035,
    0.22976042268059735,
    0.22630463910962956,
    0.19197713128496177,
    0.1739692393823905,
    0.14999121591196266,
    0.14513531667614232,
    0.18096093091043744,
    0.15594632738037542,
    0.19586454107680604,
    0.18576476165923958,
    0.13480250101584276,
    0.14914365896645518,
    0.16103837499558568
  ]
}