{
  "tData": [
    0.0,
    1.405924209380217e-07,
    2.811848418760434e-07,
    4.217772628140651e-07,
    5.623696837520868e-07,
    7.029621046901085e-07,
    8.435545256281302e-07,
    9.841469465661518e-07,
    1.1247393675041737e-06,
    1.2653317884421953e-06
  ],
  "sigData": [
    1.0882424242424242,
    0.8813823857302118,
    1.1591984067712222,
    1.0012995451591944,
    1.022412970910825,
    0.7171253822629969,
    1.012275731822474,
    1.087956698240866,
    0.7070278503046127,
    0.9404340646378863,
    0.9049800328870097,
    0.8612787838139951,
    0.9892617449664429,
    1.255424063116371,
    1.1254940711462451,
    0.8290969899665552,
    1.1367728531855956,
    1.0783261802575108,
    0.9426406926406926,
    0.8420516304347826,
    0.8003943400603108,
    1.1833333333333333,
    1.0860951008645534,
    0.8122703894195444,
    1.1450966525223951,
    1.1142443962400579,
    0.8359661172161172,
    1.1554510371442355,
    1.0495277585809721,
    1.0715917745620716,
    0.9084745762711866,
    0.9807514983863531,
    1.1002795248078265,
    1.3808672861567786,
    0.9927749204016654,
    1.0502535730751499,
    1.095073664825046,
    1.0206912232833107,
    0.6460714285714285,
    1.1964285714285714,
    0.7802350427350427,
    1.0414913510986443,
    0.9062150681868991,
    1.2085137085137085,
    1.0151515151515151,
    0.9985805535841021,
    0.874914089347079,
    0.7955526770293609,
    0.9512663085188029,
    0.7536730945821855
  ],
  "errData": [
    0.09848419154347539,
    0.08427911192670835,
    0.10329928225365209,
    0.08897575811299822,
    0.0944158803298363,
    0.07755148955816805,
    0.09344086550593063,
    0.09497702725682004,
    0.07402557911903514,
    0.08976626861296125,
    0.08774281411366538,
    0.08335444761098978,
    0.08983726880996801,
    0.10739998655824112,
    0.09546624382542293,
    0.08156353183743244,
    0.09841618355173307,
    0.09718533966600801,
    0.09075093914490868,
    0.08288267974412246,
    0.08164270264741738,
    0.10443224850286037,
    0.0979165693788163,
    0.08455326641913374,
    0.09985193764176181,
    0.09947053009612453,
    0.08301410877666794,
    0.1014996228086839,
    0.09413056538857532,
    0.09994064148635887,
    0.08623955136550665,
    0.09076895481550777,
    0.09711804442912635,
    0.11128747863174505,
    0.09417879978515167,
    0.09419846083322811,
    0.09629715219401139,
    0.09211598223808179,
    0.07383317380869335,
    0.10079205682249659,
    0.07729974693040141,
    0.09442633685263997,
    0.08566083254578147,
    0.10387713052371426,
    0.09371738517744652,
    0.09285312510361994,
    0.08509282847596046,
    0.07850850430028249,
    0.09405743321525104,
    0.0786597414730239
  ]
}