{
  "tData": [
    0.0,
    1.2804049086872986e-07,
    2.560809817374597e-07,
    3.8412147260618963e-07,
    5.121619634749194e-07,
    6.402024543436493e-07,
    7.682429452123793e-07,
    8.96283436081109e-07,
    1.0243239269498389e-06,
    1.152364417818569e-06
  ],
  "sigData": [
    1.2386865342163356,
    0.9576314446145993,
    1.2949579831932774,
    0.6185617103984451,
    1.1970666666666667,
    1.4027548209366392,
    0.9922188755020079,
    1.3385331143951833,
    0.8782771535580525,
    1.2490261547022816,
    0.8574752763234439,
    1.3018609742747673,
    1.2366391184573002,
    1.0346112886048988,
    1.2145562770562772,
    1.1894541600423953,
    1.0611598440545809,
    1.0842995169082126,
    1.0868655154369442,
    0.9702743902439025,
    1.4938684503901896,
    1.114868491680086,
    0.9674498286833089,
    0.9592112371690978,
    1.1551724137931034,
    1.109508547008547,
    1.4047239915074312,
    1.222758990874933,
    1.1693706981317602,
    0.8096676737160121,
    1.4485495347564314,
    1.0560723514211885,
    1.3018609742747673,
    1.080109126984127,
    1.175438596491228,
    1.143344709897611,
    1.1434666666666666,
    0.9119157678479712,
    1.3033648790746581,
    1.1045852653271508,
    0.6548353909465021,
    0.9074074074074074,
    1.2345058626465661,
    0.9695090439276486,
    0.9466248037676609,
    1.3622257891920813,
    1.1074380165289257,
    0.7638436482084691,
    1.0784008307372794,
    1.5620039682539684,
    1.0027904616945713,
    1.5901333333333334,
    1.1827622014537902,
    0.9264197530864198,
    1.2767042404723565,
    1.3523644752018453
  ],
  "errData": [
    0.15950224708360908,
    0.13334321175580807,
    0.16468600285378457,
    0.1030857085045821,
    0.1538841800778177,
    0.17071466982295497,
    0.13479276675657303,
    0.16578728932660622,
    0.13030892405092284,
    0.1609006633822871,
    0.13414069113306937,
    0.1632605458056591,
    0.159225465860934,
    0.1420051517083425,
    0.15624288058550276,
    0.15285850414111757,
    0.13773267646263382,
    0.13875072379761122,
    0.14459352202195866,
    0.13398308891412247,
    0.1778408874007478,
    0.1484883387989187,
    0.13129396081997388,
    0.13730019132515806,
    0.15288065143920077,
    0.1477422029492151,
    0.16769006738884412,
    0.1561889190861723,
    0.14586432772422206,
    0.12102814062563026,
    0.17322292915374396,
    0.1414657311100852,
    0.1632605458056591,
    0.14030077337703523,
    0.1544695235242795,
    0.15497762904824902,
    0.15007319349644765,
    0.13027557478532886,
    0.16011136284998242,
    0.14474111660641728,
    0.10929867563744203,
    0.13479364643190297,
    0.16013666792446687,
    0.1350631899778838,
    0.13416842060706852,
    0.1655148124836585,
    0.1498914766928654,
    0.12182812507165137,
    0.143417842370934,
    0.172007725992488,
    0.13628812444606225,
    0.1801555457116618,
    0.1508358728969276,
    0.12883106443332212,
    0.15994415492259975,
    0.1711466164597488
  ]
}