{
  "tData": [
    0.0,
    1.2866614641649703e-07,
    2.5733229283299406e-07,
    3.8599843924949106e-07,
    5.146645856659881e-07,
    6.433307320824852e-07,
    7.719968784989821e-07,
    9.006630249154792e-07,
    1.0293291713319762e-06,
    1.1579953177484733e-06
  ],
  "sigData": [
    1.1846631540724601,
    1.057878997522819,
    1.0612557484052811,
    1.0712667907519118,
    1.0310912632778328,
    1.0577254796082136,
    1.0167680342069372,
    1.0512211818743926,
    1.1034285329381652,
    1.0780676371847497,
    1.0576943210541272,
    1.022394563852574,
    1.0311618470078894,
    1.046788935973035,
    1.098340021341509,
    1.1709356580612789,
    1.0237340378687803,
    1.0046684099336671,
    1.0334035779939919,
    1.0588864455713622,
    1.0583702081377853,
    1.030510089980563,
    1.056909842475701,
    1.0815380686256835,
    1.0394851461355923,
    1.0669684647240756,
    1.0269281103741987,
    1.0352088265445345,
    1.062367864693446,
    1.0819481739567844,
    1.0714417159850425,
    1.0435530726256983,
    1.0896637048700935,
    1.092030459500339,
    1.0575749466657747,
    1.0676753905638872,
    1.055668597067877,
    1.089351363088419,
    1.0911369409707303,
    1.0610314928792848,
    1.0973342268885662,
    1.0803706194425764,
    1.0403086642057562,
    1.0336063237786677,
    1.0614787764733997,
    1.1025373536142147,
    1.053197962679167,
    1.079394748553627,
    1.0442596385406586,
    1.057049097564054,
    1.1094134803538611,
    1.1488081852934562,
    1.075438596491228,
    1.0767946142974039,
    1.0551797725696015,
    1.0393050497829213
  ],
  "errData": [
    0.018035980075267005,
    0.01698837093694069,
    0.01699299114270839,
    0.017146264520868173,
    0.0166542030582303,
    0.01705625886507697,
    0.01655215499643158,
    0.01684118815320424,
    0.017435351836737726,
    0.017207698357802326,
    0.017031479064192,
    0.01661734851508554,
    0.016870308480400706,
    0.016930763482773566,
    0.01742674678165612,
    0.018016388522623227,
    0.016575971728990516,
    0.016461411187537956,
    0.016812004827303738,
    0.017043434854415652,
    0.01700461419423706,
    0.016822137243485715,
    0.016990154885640003,
    0.017277585367669348,
    0.016906968316451935,
    0.01712457799447104,
    0.016665927804715253,
    0.016717543934941844,
    0.017003611567190186,
    0.0171492963639264,
    0.017016452758178494,
    0.016874172738753298,
    0.017332697793306002,
    0.017298406752581055,
    0.016979277647079762,
    0.01708627435659182,
    0.016985386496724913,
    0.017317531485681294,
    0.017391285290055597,
    0.017071381568640586,
    0.017338688929373246,
    0.01722208748158225,
    0.01690661876309517,
    0.016844030228377105,
    0.017052706642195686,
    0.017420637583019944,
    0.01703074712139478,
    0.01715030440839788,
    0.016940862104492485,
    0.01696447952813474,
    0.01743543242139694,
    0.017836752114972123,
    0.01718987189332321,
    0.017152643900075475,
    0.017080510824228966,
    0.016834794063354322
  ]
}