{
  "tData": [
    0.0,
    1.2804049086872986e-07,
    2.560809817374597e-07,
    3.8412147260618963e-07,
    5.121619634749194e-07,
    6.402024543436493e-07,
    7.682429452123793e-07,
    8.96283436081109e-07,
    1.0243239269498389e-06,
    1.152364417818569e-06
  ],
  "sigData": [
    1.3508064516129032,
    1.157167530224525,
    0.767175572519084,
    1.049563430919363,
    0.8933333333333332,
    0.9173249078462349,
    1.029935275080906,
    1.4557498675145732,
    0.9243929359823398,
    1.428294573643411,
    1.0507708665603404,
    1.0899324739103746,
    1.00374531835206,
    1.2988418932527694,
    1.0356942102304665,
    1.217219589257504,
    1.2382838283828381,
    1.162838182746299,
    0.70016077170418,
    1.0375328083989501,
    1.3856447688564477,
    0.8729641693811074,
    1.0870206489675516,
    1.4215522054718035,
    1.0375328083989501,
    1.238828967642527,
    1.3307426597582037,
    1.154550350026925,
    1.2673824130879345,
    0.8162260238465526,
    1.0339506172839508,
    0.9587542087542088,
    1.1672473867595818,
    0.7604540023894862,
    0.9507223942208463,
    1.3009708737864079,
    1.4024071166928311,
    1.4994734070563456,
    0.7501272264631044,
    1.0205038078500293,
    1.0597539543057997,
    1.1497963932518906,
    1.3037225042301186,
    0.5164805954279639,
    1.1148086522462564,
    1.1448475289169295,
    0.9290666666666666,
    1.3378594249201279,
    0.88984375,
    0.910756501182033,
    1.4027548209366392,
    1.531539351851852,
    1.154550350026925,
    1.006183745583039,
    1.1483451536643026,
    0.8947098099640473
  ],
  "errData": [
    0.1651425749899019,
    0.1569393180008279,
    0.11822705708195214,
    0.14055639149363336,
    0.13129265021317832,
    0.13233202090171386,
    0.14257065798290955,
    0.17091859365078269,
    0.1360322936266293,
    0.172865793943128,
    0.14309033641826793,
    0.1568501262511558,
    0.14002977241546197,
    0.15638826082656285,
    0.14598571455987291,
    0.1543160466257636,
    0.17440620384726804,
    0.14817531839685988,
    0.11557689118684107,
    0.14121105751592214,
    0.17815479960843356,
    0.1308339968945257,
    0.1535423099746936,
    0.17313161645841743,
    0.14121105751592214,
    0.15388290902969337,
    0.16947972671405317,
    0.15159606123683517,
    0.155466323692246,
    0.12333336114119711,
    0.13952540684154752,
    0.1398971381215108,
    0.1583711126310332,
    0.12749324706107315,
    0.1335411552829005,
    0.16200619921543785,
    0.16634853295901,
    0.17321666481874506,
    0.11682250875466677,
    0.14784363252068014,
    0.15090236837259927,
    0.15720855082851876,
    0.1658589242059575,
    0.0981009379473767,
    0.15093438838490855,
    0.1491025021848766,
    0.13409097000999814,
    0.1634751306710162,
    0.12947255042745023,
    0.13965250483164643,
    0.17071466982295497,
    0.18374859322630022,
    0.15159606123683517,
    0.14710470912114745,
    0.15834854802521697,
    0.12894876525415744
  ]
}