{
  "tData": [
    0.0
  ],
  "sigData": [
    1.1742320151985206,
    1.0975549249644816,
    1.0514774194188647,
    1.0234355924650844,
    1.1728326423779847,
    1.0817248681838556,
    1.1704256141766456,
    1.040650684879391,
    1.027328339376128,
    1.060101285292734,
    1.0362303274067979,
    1.0563795205979762,
    1.1506510776024288,
    1.069669488663883,
    1.0512391772412846,
    1.0238522002922146,
    1.0316131686867211,
    1.0757807254340408,
    1.1191553785588368,
    1.0278601980216098
  ],
  "errData": [
    0.0057557974406409985,
    0.005543419278738238,
    0.005424195910475366,
    0.005343930529328587,
    0.005754244502294194,
    0.005499682044125954,
    0.005753228072914538,
    0.005384989987148325,
    0.005346385091132817,
    0.005436017480870681,
    0.005375648827700108,
    0.00544892087672403,
    0.005685664782205915,
    0.005476977742812857,
    0.005423969485025373,
    0.005328262042578648,
    0.005358409151110502,
    0.005484377929105846,
    0.005603352314502928,
    0.005348672708173754
  ]
}