{
  "tData": [
    0.0
  ],
  "sigData": [
    1.1735798533679316,
    1.0960142122393461,
    1.039710588478191,
    1.0291681488846118,
    1.0516059140265854,
    1.0761476540098258,
    1.1598127720297509,
    1.0206108206808575,
    1.031499531346486,
    1.0313158611538455,
    1.0337930431343918,
    1.0577973689919729,
    1.1623404932414931,
    1.0610048527881328,
    1.1486823849425856,
    1.0288474265293175,
    1.0319175128710951,
    1.0770664568686734,
    1.118184273879433,
    1.0773453478802841
  ],
  "errData": [
    0.005746517342761778,
    0.0055321426940859696,
    0.005375837728271192,
    0.005349932350596159,
    0.005428585420779879,
    0.005484380899627149,
    0.005711739145896315,
    0.005318279135487159,
    0.005361105185062484,
    0.00535858657233662,
    0.005364253045747072,
    0.005424669452529894,
    0.005714238145281134,
    0.005435437514352156,
    0.0056817121590918545,
    0.005351042080991536,
    0.0053487080454464285,
    0.005491806859495886,
    0.005615632736933529,
    0.005471088393300616
  ]
}