{
  "populations": {
    "00": 3.632364484972875e-17,
    "01": 2.3381794589495912e-17,
    "10": 0.9389751019332068,
    "11": 0.061024898066793294
  },
  "tData": [
    0.0,
    1.49485096223556e-07,
    2.98970192447112e-07,
    4.484552886706679e-07,
    5.97940384894224e-07,
    7.4742548111778e-07,
    8.969105773413358e-07,
    1.046395673564892e-06,
    1.195880769788448e-06,
    1.345365866012004e-06
  ],
  "sigData": [
    1.1572988993888134,
    1.0334911393078812,
    1.0000987386505817,
    0.975515821699476,
    0.9821242517722527,
    1.0035348278446088,
    1.0272952853598014,
    1.0892522792226667,
    1.0781760077958185,
    1.1348247554295385,
    1.1183178147478046,
    1.0924569398131085,
    1.0128792072711723,
    1.0055863265742744,
    1.034773185716133,
    1.0770376025959152,
    0.9843877495512159,
    0.9674930306650737,
    0.9705248464790032,
    0.9875745410151664,
    1.0069255664366825,
    1.0641901127899243,
    1.1085057389930153,
    1.128951560599313,
    1.1074901492430627,
    1.0590105991416157,
    1.0390595351043643,
    0.9819712263894022,
    0.9988877542774444,
    0.9919597369496388,
    1.1272014739859035,
    0.9771531896427021,
    1.1338860611567234,
    1.1206816393677133,
    1.0727627867892566,
    1.0581901968998744,
    0.997830833847058,
    1.0030091478093404,
    1.0076299496356074,
    1.0320029569288525,
    1.1019486801492606,
    1.1147114001854164,
    0.9731946605328374,
    0.9561707119800054,
    1.0010691888252714,
    1.0782168692907528,
    1.0092404540219273,
    1.014651749631233,
    1.0368242540668562,
    1.0192601578507443,
    1.0165173622021568,
    0.9803336498033365,
    1.0148988267099857,
    0.9912648800556179,
    1.0314911830929399,
    1.0246033604589895
  ],
  "errData": [
    0.010311790345090305,
    0.009417207183661333,
    0.009165933890137876,
    0.009025326251540745,
    0.00899421580040907,
    0.00918562602907227,
    0.009305185699567162,
    0.009800733752383902,
    0.0095819784836365,
    0.010152123479390752,
    0.009989914449974945,
    0.009898050888570346,
    0.009227483833664913,
    0.009242193931260237,
    0.009451648716313056,
    0.00969102052514185,
    0.009043984941036727,
    0.00890594903915062,
    0.008924338018548209,
    0.00905765486548736,
    0.009129529671949245,
    0.009580002072947883,
    0.009931902917147973,
    0.010144408585223754,
    0.009975033778732833,
    0.009590703614468957,
    0.00946916921756457,
    0.009032654117883041,
    0.009143591418670926,
    0.00909649945419692,
    0.010022589959729787,
    0.008920114300036428,
    0.010179294217828656,
    0.01007146918524429,
    0.009731883311851793,
    0.009648941927019896,
    0.009045727213703692,
    0.009168320515932324,
    0.009182361009093448,
    0.009313870842949849,
    0.00992556698999824,
    0.009927323014279794,
    0.008932061483048249,
    0.0088053315159614,
    0.009201429020354021,
    0.009649368089432977,
    0.009204346674997166,
    0.00927774987659906,
    0.009496872053430713,
    0.009319311063902222,
    0.009308647280773814,
    0.008978953706450483,
    0.009297175374882394,
    0.009091379856184953,
    0.009427509771153768,
    0.009307113373951658
  ],
  "qb1_calibration_results": {
    "odmr_res_freq": 1463341883.8763182
  },
  "qb2_calibration_results": null
}