{
  "tData": [
    0.0,
    1.2866614641649703e-07,
    2.5733229283299406e-07,
    3.8599843924949106e-07,
    5.146645856659881e-07,
    6.433307320824852e-07,
    7.719968784989821e-07,
    9.006630249154792e-07,
    1.0293291713319762e-06,
    1.1579953177484733e-06
  ],
  "sigData": [
    1.092391304347826,
    1.234710409072499,
    1.088447653429603,
    0.8888266068759343,
    1.1094623655913978,
    1.215725806451613,
    1.321087588210876,
    1.5786856895806312,
    1.3705857019810508,
    0.858974358974359,
    1.177678949597628,
    1.1576990376202976,
    0.967964824120603,
    1.120767033863729,
    1.122422680412371,
    0.8589743589743589,
    0.8945260347129507,
    1.1983739837398375,
    1.0303729334871203,
    0.9469964664310954,
    1.1475138121546962,
    1.017686225551394,
    1.3479652491998173,
    0.9148896371118593,
    1.7486263736263736,
    1.2407407407407405,
    0.9270962412226352,
    1.4115876598946575,
    1.094221105527638,
    1.0023177412557944,
    1.1894319131161237,
    0.6120432513049963,
    1.110969387755102,
    1.2181818181818183,
    1.3161703887510339,
    1.0099787685774948,
    0.6308851224105461,
    1.2169660678642713,
    1.322179322179322,
    0.8917824074074074,
    0.9405080213903744,
    1.1646216768916156,
    0.8174110835401157,
    1.2654628476546284,
    0.9512345679012347,
    1.2844287949921753,
    1.1152897657213319,
    1.2284713638236504,
    0.9699047619047619,
    1.0437473324797268,
    0.9710144927536232,
    0.7750980392156863,
    1.042963885429639,
    0.8484171322160149,
    1.03118671526934,
    0.9229724485836244
  ],
  "errData": [
    0.1271752201761428,
    0.1364010123243979,
    0.1266957203880438,
    0.1096020276385758,
    0.13256722290576747,
    0.142243893963391,
    0.14333432493923481,
    0.16154613437772822,
    0.14899915386834922,
    0.1150792218277554,
    0.13591272696287743,
    0.13683671474717607,
    0.12147489988655073,
    0.12983065244293612,
    0.13332365377395944,
    0.11142497740835142,
    0.12001919562243225,
    0.1344271632653774,
    0.12039678476448273,
    0.11624066350582103,
    0.12495609034219099,
    0.12442049492602682,
    0.15211940715013242,
    0.11137993068343371,
    0.17613065686471377,
    0.13635336949851148,
    0.11787083711864729,
    0.14156218309335433,
    0.12982459258650572,
    0.12417713463038871,
    0.13570911862397944,
    0.08979892972046823,
    0.13190169988180725,
    0.1352304307029148,
    0.1427727049729446,
    0.1251656398694934,
    0.09170635959067856,
    0.13434454246303296,
    0.1457792884199234,
    0.11156251748042917,
    0.12338201464594063,
    0.13274490370173878,
    0.11024402201865877,
    0.1399715236009928,
    0.1192930127657667,
    0.13700581504806558,
    0.12996224583181587,
    0.13719362820714862,
    0.1159867895027888,
    0.12774307521407965,
    0.12276578408485374,
    0.10435256082601169,
    0.12592968703825427,
    0.1067226496826631,
    0.12362617760364891,
    0.11397364959384387
  ]
}