{
  "tData": [
    0.0,
    1.2866614641649703e-07,
    2.5733229283299406e-07,
    3.8599843924949106e-07,
    5.146645856659881e-07,
    6.433307320824852e-07,
    7.719968784989821e-07,
    9.006630249154792e-07,
    1.0293291713319762e-06,
    1.1579953177484733e-06
  ],
  "sigData": [
    1.311289658014009,
    0.9601491951315272,
    1.0352286773794808,
    0.8146277590722036,
    1.1668691778047793,
    1.134655101197852,
    1.0104408352668213,
    1.2357777777777776,
    0.9216507177033493,
    1.0797955974842766,
    0.9148594377510041,
    1.3339490968801315,
    1.0473000406008932,
    1.0944995864350704,
    1.0887499999999999,
    0.9262071651090343,
    0.8812476512589251,
    1.2851662404092072,
    0.8161252900232019,
    1.2925616547334924,
    1.5131744040150565,
    1.0674019607843137,
    1.1823529411764706,
    1.4708781362007168,
    1.022209347238316,
    1.3890243902439026,
    1.3887478849407784,
    1.121884735202492,
    0.9682080924855492,
    1.0237233614796943,
    1.0901126408010011,
    1.3293650793650793,
    1.3098341232227488,
    0.9503546099290779,
    0.9821285140562249,
    1.1843434343434343,
    1.2451095461658843,
    1.1113744075829384,
    1.1242458521870287,
    0.8800602928509905,
    1.368729773462783,
    1.120486507031547,
    1.1280741581536133,
    1.1409110259684974,
    0.9071319603356217,
    1.1057457212713935,
    1.051503094606543,
    1.2407407407407407,
    1.2306651198762568,
    0.6277910685805422,
    1.2467637540453074,
    0.8017841601392515,
    1.290551500405515,
    0.8610771113831088,
    0.7548562548562548,
    0.9534113060428849
  ],
  "errData": [
    0.14221545260218152,
    0.11710863192621576,
    0.1249561207461068,
    0.10466286546971733,
    0.1322376024883396,
    0.13151371833675915,
    0.11947413137953784,
    0.14295297704521767,
    0.11544176846210602,
    0.12487576863224789,
    0.1153982010000596,
    0.14330367145161804,
    0.12482234795349247,
    0.1290345972477448,
    0.12914664579380938,
    0.11438838982319705,
    0.10940649663225967,
    0.14305166596293198,
    0.10651328882889485,
    0.13862743797043742,
    0.15515730858695595,
    0.1265040340813745,
    0.13106307262032835,
    0.15806409626886764,
    0.1201562472245806,
    0.145837200891686,
    0.14875244912499644,
    0.12690758575378921,
    0.11654508142171917,
    0.12269386352379773,
    0.12931546963368895,
    0.14428020389281904,
    0.13915003696704425,
    0.12005144406692927,
    0.11989793932138375,
    0.13057090760260767,
    0.1346793315850221,
    0.12715209305851982,
    0.12502491796395898,
    0.11703621458507804,
    0.14429932116791155,
    0.12529367709468542,
    0.12547019130224163,
    0.1339156398093864,
    0.11194417034261228,
    0.12880002642238295,
    0.1305337101617941,
    0.14185685437713694,
    0.13303944519662914,
    0.094111656332159,
    0.13704853115991836,
    0.11192660252559417,
    0.1398499438979688,
    0.11259058569153925,
    0.10241282690690015,
    0.11625450689523116
  ]
}