{
  "tData": [
    0.0,
    1.2866614641649703e-07,
    2.5733229283299406e-07,
    3.8599843924949106e-07,
    5.146645856659881e-07,
    6.433307320824852e-07,
    7.719968784989821e-07,
    9.006630249154792e-07,
    1.0293291713319762e-06,
    1.1579953177484733e-06
  ],
  "sigData": [
    1.2194274028629857,
    1.2264793529161346,
    1.3633000369959305,
    1.0621251071122535,
    1.2326839826839826,
    1.0847619047619048,
    0.9710144927536232,
    0.8261734287987271,
    1.1867954911433172,
    1.2379619260918253,
    1.1460158531497704,
    0.9619712844392703,
    1.437425506555423,
    0.8039999999999999,
    0.9676034348165495,
    1.1321044546850998,
    1.0139225181598064,
    1.1153697251258228,
    1.4756459127488353,
    0.982084690553746,
    1.0162921348314609,
    1.0139059304703475,
    1.217915024091108,
    1.315272870043188,
    1.2233877233877233,
    1.1260504201680672,
    1.050198412698413,
    1.124512099921936,
    1.1139823717948718,
    1.1348808030112925,
    1.038140643623361,
    0.7607461476074615,
    1.0749339373348434,
    0.910706817231284,
    0.9856912535268036,
    0.9640287769784173,
    0.9206910090302315,
    0.9530949634755862,
    0.7937091503267973,
    1.3743589743589744,
    0.9241379310344828,
    1.1657509157509158,
    1.2532576712904582,
    1.2677752293577982,
    0.8868381804623416,
    1.3427402862985685,
    1.3547310561444836,
    1.4438513246342428,
    1.0114734299516908,
    1.1111793611793612,
    1.640059599829715,
    1.1267951625094483,
    1.048088064889919,
    1.2224272242722427,
    0.9187763713080167,
    1.139717125382263
  ],
  "errData": [
    0.1361339223459016,
    0.1393285197370732,
    0.13769186621921858,
    0.12920812196698173,
    0.14088994019528006,
    0.12324137984666993,
    0.11768359816220729,
    0.10873631822258477,
    0.13306600550982645,
    0.13113535532698936,
    0.13289182442643474,
    0.11654415256660078,
    0.14694928534486687,
    0.10487770292787962,
    0.11725371033306337,
    0.1266526399798479,
    0.12227748807829562,
    0.12613715759171906,
    0.15396321647500313,
    0.11381787610967573,
    0.1179480232552385,
    0.1230988170703721,
    0.1407851463588842,
    0.13905772601298824,
    0.1329153139823404,
    0.12890814564165456,
    0.12358789196790795,
    0.12721839105505753,
    0.12822956119490442,
    0.13235057657614194,
    0.12288887834148422,
    0.10506476596800225,
    0.12207581670582443,
    0.11747525095629686,
    0.12035052046875501,
    0.11841448306302117,
    0.11449032617615809,
    0.11542651345974707,
    0.10785940675985141,
    0.1428197487604137,
    0.11332777781580596,
    0.12569161236025606,
    0.14010159101535513,
    0.1344547152145559,
    0.10934781394609407,
    0.14356069951748887,
    0.14135107101992359,
    0.14696499815721317,
    0.12196986805154217,
    0.12946160058828343,
    0.16378268923227748,
    0.1253214158812037,
    0.12179679641627612,
    0.13648534001785406,
    0.10822610483620389,
    0.12682519013365123
  ]
}